session_start,department,source_country,new_device,off_hours,failed_logins_30m,mfa_denials,mfa_approvals,unique_resources,sensitive_resources,denied_accesses,files_read,bytes_downloaded_mb,data_upload_mb,process_risk_score,destination_risk_score,peer_deviation_score,impossible_travel,privilege_mismatch,actual_label,predicted_label
2026-09-08 16:38:00,Compliance,,0,0,2,1,1,4,0,0,12,4.309,0.893,19.35,1.51,1.555,0,0,0,0
2026-09-07 18:58:00,Procurement,,0,0,0,0,1,4,0,0,17,6.059,2.886,12.4,7.24,1.251,0,0,0,0
2026-09-08 01:07:00,Compliance,,0,0,1,0,1,4,0,0,11,1.279,1.454,14.18,1.58,3.342,0,0,0,0
2026-09-07 12:40:00,Executive,,0,0,1,0,1,5,0,0,17,6.799,1.15,38.54,25.38,2.206,0,0,0,0
2026-09-11 13:55:00,Information Technology,,0,0,0,0,1,2,1,0,15,13.003,0.167,6.26,10.78,0.552,0,0,0,0
2026-09-09 19:04:00,Executive,,0,0,0,0,1,4,0,0,8,3.142,0.006,24.02,11.94,0.675,0,0,0,0
2026-09-07 04:18:00,Customer Service,,0,0,2,2,1,1,0,0,15,21.989,0.398,5.04,12.51,1.189,0,0,0,0
2026-09-13 16:01:00,Information Technology,ZA,0,0,1,0,1,1,1,0,16,3.091,0.775,49.33,30.97,1.921,0,0,0,0
2026-09-07 11:52:00,Internal Audit,,0,0,0,1,1,1,0,0,15,12.906,6.108,3.17,5.37,1.344,0,0,0,0
2026-09-11 06:43:00,Loans,,0,0,0,0,1,4,0,0,7,24.178,0.0,14.56,7.42,3.015,0,0,0,0
2026-09-10 07:42:00,Customer Service,,0,0,0,0,1,2,0,0,10,2.983,0.33,27.1,17.52,5.041,0,0,0,0
2026-09-11 07:18:00,Information Technology,,0,0,0,0,1,4,1,0,13,2.116,0.255,28.6,14.39,2.861,0,0,0,0
2026-09-12 11:27:00,Customer Service,ZA,0,0,2,0,1,4,1,1,17,9.268,5.438,5.1,37.14,1.335,0,0,0,0
2026-09-09 05:33:00,Internal Audit,,0,0,2,1,1,2,0,0,13,0.642,0.0,3.59,34.51,0.66,0,0,0,0
2026-09-14 06:27:00,Loans,,0,0,0,0,1,2,0,0,11,1.393,0.333,24.55,7.56,4.817,0,0,0,0
2026-09-10 06:21:00,Customer Service,,0,0,0,0,1,5,1,0,7,17.592,0.0,22.22,11.13,5.364,0,1,1,0
2026-09-11 10:46:00,Customer Service,,0,0,0,1,1,2,0,0,10,6.151,0.345,22.64,7.57,8.032,0,0,1,0
2026-09-10 03:28:00,Legal,,0,0,0,0,1,3,1,2,13,12.521,0.357,31.78,16.53,0.921,0,0,0,0
2026-09-13 16:41:00,Compliance,,0,0,1,1,1,5,2,0,12,3.039,1.438,20.56,8.24,1.342,0,0,1,0
2026-09-11 06:40:00,Loans,,0,0,2,0,1,3,0,0,10,8.823,0.0,12.3,11.34,5.019,0,0,0,0
2026-09-13 20:03:00,Legal,,0,0,0,1,1,2,0,0,9,22.297,0.0,24.5,12.73,1.138,0,0,0,0
2026-09-08 11:53:00,Information Technology,,0,0,2,0,0,6,1,0,18,4.073,0.0,7.86,18.58,0.876,0,0,0,0
2026-09-08 20:35:00,Treasury,,0,0,0,0,1,4,1,0,21,15.042,0.0,14.65,11.85,1.121,0,0,0,0
2026-09-08 08:25:00,Legal,,0,1,0,0,1,3,0,2,14,7.592,0.138,19.55,42.69,2.237,0,0,1,0
2026-09-14 01:39:00,Marketing,,0,0,0,0,1,3,1,0,13,21.058,2.592,16.22,15.44,0.492,0,1,0,0
2026-09-14 05:22:00,Customer Service,,0,0,3,2,1,8,0,1,15,22.95,0.0,4.33,15.32,2.855,0,0,0,0
2026-09-11 09:53:00,Information Technology,,0,0,0,0,1,4,0,0,11,3.155,1.161,11.06,0.92,0.703,0,0,0,0
2026-09-11 07:20:00,Executive,,0,0,0,0,1,6,0,0,6,7.777,0.0,4.27,12.62,1.24,0,0,0,0
2026-09-07 11:29:00,Compliance,,0,0,0,0,1,6,2,0,19,7.864,0.367,32.83,10.85,0.312,0,0,0,0
2026-09-09 19:52:00,Marketing,,0,0,0,0,1,5,0,0,10,24.491,0.767,39.8,2.97,5.165,0,0,1,0
2026-09-09 18:46:00,Human Resources,,0,1,0,0,1,1,0,0,11,15.097,0.0,39.27,15.89,3.715,0,0,1,0
2026-09-09 08:20:00,Customer Service,,0,0,0,0,1,2,0,0,16,1.602,0.0,18.46,28.12,3.543,0,0,0,0
2026-09-13 10:56:00,Customer Service,,0,0,1,0,1,5,0,0,12,4.126,0.647,20.29,15.51,0.608,0,0,0,0
2026-09-10 22:15:00,Procurement,,0,1,0,0,1,2,1,0,14,13.031,3.71,7.83,24.13,0.117,0,0,0,0
2026-09-13 00:28:00,Customer Service,,0,0,1,1,1,2,0,1,13,2.664,0.0,19.86,22.74,0.6,0,0,0,0
2026-09-09 04:00:00,Finance,,0,1,0,0,1,3,0,0,11,4.373,0.0,5.57,3.98,2.354,0,0,0,0
2026-09-09 11:12:00,Compliance,,0,1,1,0,1,1,0,0,18,11.003,0.823,2.69,12.71,0.794,0,0,0,0
2026-09-13 22:02:00,Information Technology,ZA,1,0,2,1,1,2,0,0,15,17.846,0.0,18.87,8.97,0.697,0,0,0,0
2026-09-11 03:12:00,Finance,,0,0,1,0,1,2,1,0,10,13.654,0.0,11.46,3.31,0.098,0,0,0,0
2026-09-07 17:04:00,Risk,,0,0,0,0,1,3,0,0,13,1.933,0.71,7.51,8.14,1.049,0,0,0,0
2026-09-09 10:24:00,Customer Service,,1,0,0,0,1,2,0,0,12,27.442,0.0,13.49,11.39,2.578,0,0,0,0
2026-09-07 09:13:00,Human Resources,ZA,0,0,1,0,1,2,1,0,17,14.409,0.0,35.51,24.46,4.204,0,0,1,0
2026-09-10 03:26:00,Executive,,0,1,0,0,1,4,0,0,13,3.352,3.217,10.07,5.15,3.814,0,0,0,0
2026-09-09 14:06:00,Loans,,0,0,0,1,1,2,0,0,16,17.467,2.322,43.68,10.57,2.14,0,0,0,0
2026-09-12 15:09:00,Loans,,0,0,0,0,1,4,0,0,5,8.639,3.845,11.98,11.52,0.517,0,0,0,0
2026-09-09 23:30:00,Legal,,0,1,0,1,1,2,0,0,10,4.639,0.0,26.49,1.96,2.932,0,0,1,0
2026-09-13 16:55:00,Human Resources,,0,0,0,0,1,8,2,0,16,43.324,0.0,8.59,16.95,3.68,0,0,0,0
2026-09-11 02:28:00,Information Technology,,0,0,1,0,1,5,0,0,10,6.472,3.123,38.77,4.58,1.506,0,0,0,0
2026-09-09 05:17:00,Compliance,,0,0,1,1,1,3,1,0,18,9.216,3.319,31.4,29.78,1.741,0,0,0,0
2026-09-12 10:03:00,Finance,,0,0,0,0,1,1,0,0,12,3.956,0.0,20.46,19.34,1.091,0,0,0,0
2026-09-11 09:25:00,Customer Service,,0,0,0,1,1,8,1,0,25,3.319,0.0,15.39,7.85,2.13,0,0,0,0
2026-09-13 08:20:00,Loans,,0,0,1,0,1,3,0,1,9,5.339,0.0,30.89,30.84,4.318,0,0,1,0
2026-09-12 02:06:00,Customer Service,,0,0,0,0,1,1,0,0,11,4.708,0.009,25.25,25.11,0.923,0,0,0,0
2026-09-07 08:17:00,Customer Service,,0,0,1,0,1,7,0,0,6,6.519,3.259,11.25,25.99,1.571,0,0,0,0
2026-09-08 22:42:00,Information Technology,,0,0,1,1,1,3,1,0,20,3.83,0.0,10.98,0.51,4.178,0,0,0,0
2026-09-09 16:22:00,Information Technology,,0,0,2,1,1,1,0,0,10,3.934,1.648,29.22,14.28,1.139,0,0,0,0
2026-09-14 02:49:00,Customer Service,,0,0,1,0,1,3,0,1,14,6.388,0.0,32.26,14.37,4.17,0,0,0,0
2026-09-12 21:22:00,Loans,,0,0,0,1,1,2,0,0,15,4.278,1.012,6.79,26.2,4.633,0,0,0,0
2026-09-10 15:00:00,Risk,,0,0,0,0,1,2,0,0,13,58.716,0.908,55.08,11.65,2.981,0,0,0,0
2026-09-13 12:22:00,Compliance,,0,0,1,1,1,3,1,0,22,12.179,0.393,22.13,47.34,2.655,0,0,1,0
2026-09-12 18:08:00,Finance,,0,0,2,1,1,6,1,1,14,8.84,0.357,20.13,12.97,2.575,0,0,0,0
2026-09-09 13:05:00,Human Resources,,0,0,1,0,1,4,0,1,4,3.722,0.0,3.27,8.52,2.423,0,0,0,0
2026-09-12 04:11:00,Internal Audit,ZA,0,0,2,2,1,1,0,0,12,11.269,0.0,52.01,9.05,1.392,0,0,0,0
2026-09-09 05:25:00,Human Resources,,0,0,0,0,1,2,0,0,9,8.283,1.79,34.82,9.66,2.02,0,0,0,0
2026-09-07 18:55:00,Information Technology,,0,0,0,0,1,5,1,0,16,5.612,0.0,10.53,6.42,1.036,0,0,0,0
2026-09-10 10:21:00,Risk,,0,0,1,2,1,7,1,2,16,9.741,0.928,14.89,9.52,1.648,0,1,1,0
2026-09-10 02:06:00,Finance,,1,0,0,1,1,1,0,0,17,19.353,1.675,11.93,13.75,1.386,0,0,0,0
2026-09-11 06:09:00,Human Resources,,0,0,0,0,1,4,0,0,16,15.458,5.48,9.09,6.45,1.632,0,0,0,0
2026-09-12 11:05:00,Customer Service,,0,0,0,0,1,5,0,0,14,5.816,0.0,10.75,11.44,2.518,0,0,0,0
2026-09-12 08:21:00,Compliance,,1,0,0,0,1,2,0,0,8,6.557,0.0,7.3,7.49,0.939,0,0,0,0
2026-09-12 23:16:00,Information Technology,,0,0,1,0,1,3,0,0,17,57.626,1.838,25.28,53.82,1.23,0,0,0,0
2026-09-10 16:44:00,Loans,,0,0,1,0,1,3,0,0,7,21.65,0.117,6.62,12.76,0.528,0,0,0,0
2026-09-09 12:35:00,Compliance,,0,0,0,0,1,3,2,1,13,17.776,0.0,17.17,10.84,0.46,0,0,0,0
2026-09-12 11:26:00,Executive,,0,0,1,0,1,2,0,0,9,29.5,0.0,39.67,11.11,0.795,0,0,0,0
2026-09-13 12:31:00,Finance,,0,0,0,0,1,4,0,0,15,17.531,0.692,1.28,13.76,0.141,0,0,0,0
2026-09-08 06:14:00,Treasury,,0,0,1,0,1,2,0,0,13,10.076,0.0,24.21,3.3,0.425,0,0,0,0
2026-09-11 03:04:00,Customer Service,,0,0,0,1,1,6,0,1,10,15.101,0.0,0.22,10.33,3.328,0,0,0,0
2026-09-13 16:37:00,Finance,,0,0,0,0,1,3,0,0,9,30.8,0.338,21.0,43.31,6.779,0,0,1,0
2026-09-12 08:26:00,Human Resources,,0,0,0,0,0,1,0,0,13,7.074,0.299,34.26,5.62,0.79,0,0,0,0
2026-09-11 09:54:00,Internal Audit,,0,0,1,0,1,2,0,0,15,1.072,0.0,27.45,12.74,0.502,0,0,0,0
2026-09-13 08:36:00,Treasury,,0,0,0,0,1,1,0,0,10,19.731,7.57,46.15,2.41,4.825,0,0,1,0
2026-09-08 12:24:00,Compliance,,0,0,0,0,1,4,0,0,13,6.802,0.0,3.6,4.92,1.247,0,0,0,0
2026-09-07 09:43:00,Loans,,0,0,0,0,1,3,1,0,20,16.567,0.0,19.34,27.65,0.495,0,0,0,0
2026-09-10 12:46:00,Customer Service,ZA,0,0,2,0,1,2,0,0,15,7.838,0.891,12.69,14.13,3.824,0,0,0,0
2026-09-13 20:55:00,Internal Audit,,0,1,0,0,1,5,0,0,16,10.133,0.0,43.34,17.43,0.31,0,0,0,0
2026-09-10 21:38:00,Customer Service,,0,0,0,0,1,6,1,0,10,17.656,0.349,5.14,3.37,0.084,0,0,0,0
2026-09-07 11:19:00,Finance,,0,0,0,1,1,2,0,0,13,3.116,2.979,16.87,9.59,1.266,0,0,1,0
2026-09-13 00:24:00,Customer Service,,0,0,1,1,1,5,0,0,17,12.815,1.025,24.32,22.74,2.372,0,0,0,0
2026-09-08 23:53:00,Executive,,0,0,2,0,1,2,0,0,17,3.405,0.0,7.26,25.2,2.844,0,0,0,0
2026-09-07 04:17:00,Finance,,0,0,0,0,1,4,1,0,10,41.332,0.34,2.87,12.6,2.476,0,0,0,0
2026-09-12 20:43:00,Legal,ZA,0,0,1,0,1,5,1,1,14,22.17,0.0,28.15,19.49,2.024,0,1,1,0
2026-09-10 01:43:00,Executive,ZA,0,0,5,0,1,3,0,0,13,3.837,0.0,23.02,14.32,2.63,0,0,0,0
2026-09-14 02:24:00,Customer Service,,0,0,1,0,1,8,0,0,9,4.03,1.031,31.07,3.8,5.598,0,0,1,0
2026-09-10 00:56:00,Customer Service,,0,0,1,1,1,4,1,0,5,22.525,0.0,22.13,9.68,6.325,0,0,1,0
2026-09-12 21:58:00,Finance,,0,0,1,0,1,5,0,0,6,4.247,0.102,10.55,1.12,2.142,0,0,0,0
2026-09-12 15:23:00,Treasury,,0,0,0,0,1,6,0,0,6,8.009,3.38,43.57,15.76,1.931,0,0,0,0
2026-09-08 05:55:00,Risk,,0,0,0,0,1,1,0,0,8,2.914,0.198,16.77,13.89,0.538,0,0,0,0
2026-09-11 17:18:00,Information Technology,,0,0,0,0,0,4,0,1,9,14.187,2.219,28.78,3.29,1.616,0,0,0,0
2026-09-09 09:54:00,Executive,,0,1,1,1,1,3,0,0,15,12.198,5.939,19.33,11.58,4.057,0,0,1,0
2026-09-09 02:09:00,Human Resources,,0,0,0,0,1,8,1,1,16,2.118,0.307,6.65,9.45,0.588,0,0,0,0
2026-09-10 20:27:00,Customer Service,,0,1,0,1,1,2,0,0,12,7.439,1.287,34.87,20.49,0.896,0,0,0,0
2026-09-07 22:56:00,Treasury,,0,0,0,0,1,4,0,0,8,5.203,5.705,2.89,14.39,6.518,0,0,0,0
2026-09-12 14:30:00,Customer Service,,0,0,0,0,1,4,0,1,9,13.05,1.995,14.29,13.94,2.7,0,0,0,0
2026-09-08 12:16:00,Marketing,,0,0,0,0,1,6,0,0,19,26.165,0.0,16.54,55.16,0.355,0,0,0,0
2026-09-13 23:01:00,Customer Service,,0,1,0,0,1,1,0,0,11,9.4,0.0,6.69,16.49,0.767,0,0,0,0
2026-09-10 23:30:00,Customer Service,,0,0,0,0,1,2,0,0,11,13.698,0.0,4.2,23.89,0.292,0,0,0,0
2026-09-10 19:15:00,Internal Audit,,0,0,0,0,1,3,0,0,8,4.366,0.537,6.6,5.88,2.53,0,0,0,0
2026-09-13 11:22:00,Marketing,,0,0,0,0,1,3,0,0,9,6.91,0.474,26.37,4.45,0.829,0,0,0,0
2026-09-11 07:01:00,Information Technology,,0,1,1,0,1,1,0,1,7,20.155,0.587,8.39,10.04,3.333,0,0,1,0
2026-09-09 14:54:00,Finance,ZA,0,0,1,0,1,3,0,0,10,2.027,0.323,1.55,53.03,0.672,0,0,0,0
2026-09-09 10:16:00,Risk,ZA,0,0,1,0,0,3,0,0,10,14.278,0.0,30.43,1.1,1.67,0,0,0,0
2026-09-13 18:49:00,Finance,,0,0,0,0,0,7,0,0,6,5.419,0.0,30.36,21.46,1.426,0,0,0,0
2026-09-13 00:33:00,Customer Service,,0,0,1,0,1,2,0,0,7,6.49,0.246,3.2,15.47,1.664,0,0,0,0
2026-09-07 16:21:00,Loans,,0,0,0,0,1,5,0,0,15,6.265,1.637,12.55,7.67,2.453,0,0,0,0
2026-09-12 23:10:00,Finance,,1,0,0,0,1,6,3,1,17,5.421,0.0,10.49,1.83,0.241,0,0,0,0
2026-09-10 16:01:00,Loans,,0,0,2,0,1,3,0,0,9,34.535,0.798,19.65,21.91,1.855,0,0,0,0
2026-09-11 02:42:00,Risk,,0,0,0,0,1,2,0,0,12,8.907,0.0,22.17,25.94,0.517,0,0,0,0
2026-09-10 00:12:00,Finance,,0,0,0,0,1,5,0,0,10,6.904,5.458,20.61,3.73,1.548,0,0,0,0
2026-09-09 20:39:00,Customer Service,,0,0,0,0,1,5,0,1,11,5.664,0.0,5.63,11.37,1.512,0,0,0,0
2026-09-07 21:47:00,Internal Audit,,0,0,2,0,0,3,1,0,13,13.753,1.22,1.4,7.52,1.219,0,0,0,0
2026-09-11 17:41:00,Information Technology,,0,0,1,0,1,5,2,1,20,72.319,1.52,25.59,2.75,2.902,0,0,0,0
2026-09-12 06:52:00,Compliance,,0,0,1,0,1,3,1,0,18,4.87,0.767,28.57,8.32,0.109,0,0,1,0
2026-09-09 21:53:00,Procurement,,0,0,0,0,1,2,0,0,11,19.428,1.47,25.13,9.06,1.708,0,0,0,0
2026-09-09 12:39:00,Procurement,,0,0,0,0,1,5,0,0,10,7.902,2.227,9.5,15.64,1.125,0,0,0,0
2026-09-10 04:35:00,Marketing,,0,0,0,1,1,4,0,0,13,5.735,0.697,15.64,16.43,1.529,0,0,0,0
2026-09-11 21:46:00,Customer Service,,0,0,3,1,1,1,0,0,12,4.639,0.0,2.0,32.01,0.553,0,0,0,0
2026-09-08 10:47:00,Finance,,0,0,1,0,1,3,0,2,15,4.694,0.903,2.63,10.24,0.854,0,0,0,0
2026-09-08 07:54:00,Marketing,,0,0,0,0,0,3,0,0,8,2.919,1.486,12.53,37.59,0.854,0,0,0,0
2026-09-09 01:16:00,Compliance,ZA,0,0,4,1,0,6,2,0,13,7.341,0.0,44.84,16.71,1.444,1,0,1,1
2026-09-08 09:53:00,Customer Service,,0,0,1,0,1,1,0,0,15,7.526,0.0,20.74,8.11,5.962,0,0,1,0
2026-09-14 05:40:00,Information Technology,,0,0,0,0,1,4,1,1,17,2.885,0.914,25.11,5.39,0.759,0,0,0,0
2026-09-08 15:16:00,Human Resources,,0,0,0,0,1,5,0,0,6,2.29,0.0,6.11,19.03,0.947,0,0,0,0
2026-09-12 07:57:00,Compliance,,0,0,0,0,1,3,1,0,22,11.912,0.665,21.61,3.53,1.364,0,0,0,0
2026-09-09 13:01:00,Loans,,0,0,0,0,1,1,0,0,8,8.027,0.105,21.97,27.33,2.928,0,0,0,0
2026-09-12 01:21:00,Customer Service,,0,0,0,0,1,1,0,0,14,4.383,0.132,4.16,6.35,0.89,0,0,0,0
2026-09-10 12:58:00,Customer Service,,0,0,0,0,0,3,0,0,17,3.365,6.055,14.52,28.99,0.383,0,0,0,0
2026-09-10 20:48:00,Customer Service,,0,0,1,0,1,8,0,1,11,10.655,0.0,29.42,35.63,1.681,0,0,0,0
2026-09-11 21:28:00,Information Technology,,0,0,0,0,1,6,2,0,24,4.929,1.025,24.15,11.99,0.908,0,0,0,0
2026-09-10 15:45:00,Executive,,0,0,0,0,1,3,0,0,11,1.996,0.0,39.02,32.99,0.596,0,0,0,0
2026-09-10 12:39:00,Risk,,0,0,0,0,0,1,0,0,14,4.298,0.0,15.58,7.8,2.778,0,0,0,0
2026-09-13 09:02:00,Executive,ZA,1,0,1,1,1,2,0,2,7,17.609,2.545,1.9,0.27,2.16,0,0,0,0
2026-09-11 16:48:00,Information Technology,,1,0,1,0,0,4,1,0,18,11.779,0.845,20.93,8.64,3.213,0,0,1,0
2026-09-10 05:08:00,Human Resources,BW,0,0,2,1,1,2,0,0,22,27.881,0.0,2.43,32.64,3.256,0,0,0,0
2026-09-09 10:23:00,Compliance,,0,1,1,0,0,2,0,0,7,6.707,0.0,11.16,47.95,2.901,0,0,1,0
2026-09-09 20:34:00,Legal,,0,0,1,0,1,2,0,0,16,11.431,0.0,4.76,15.41,1.047,0,0,1,0
2026-09-13 03:17:00,Human Resources,,0,0,2,0,1,1,0,0,10,15.994,0.479,20.6,16.56,0.947,0,0,0,0
2026-09-10 21:38:00,Marketing,,0,0,1,0,1,1,0,0,6,6.133,0.0,13.87,4.67,2.548,0,0,0,0
2026-09-07 12:56:00,Customer Service,,0,0,0,0,1,4,0,1,19,7.648,0.053,18.38,9.75,0.529,0,0,0,0
2026-09-09 11:12:00,Customer Service,,0,0,1,1,1,3,1,0,13,19.115,1.117,0.97,26.69,1.009,0,0,0,0
2026-09-07 08:09:00,Information Technology,,0,0,0,0,1,8,2,0,17,61.469,0.0,3.39,6.57,2.252,0,0,0,0
2026-09-13 09:46:00,Treasury,,0,0,0,0,1,4,0,0,14,4.059,0.0,28.86,10.31,5.981,0,0,1,0
2026-09-07 15:24:00,Treasury,,0,0,0,1,1,2,0,0,5,2.739,0.0,6.15,15.61,1.503,0,0,0,0
2026-09-12 19:39:00,Loans,,0,0,0,0,0,4,1,0,23,4.637,1.101,15.69,25.99,1.072,0,0,0,0
2026-09-11 16:15:00,Compliance,,0,1,1,1,1,3,1,0,12,9.44,0.296,9.93,9.1,0.158,0,0,0,0
2026-09-13 02:14:00,Customer Service,,0,0,0,0,1,3,0,0,10,16.032,0.833,5.88,0.73,1.31,0,0,0,0
2026-09-07 23:18:00,Procurement,,0,0,0,0,1,6,0,0,8,43.724,1.904,30.13,1.32,0.502,0,0,0,0
2026-09-13 17:44:00,Marketing,,0,1,0,0,1,4,0,0,10,2.478,1.509,9.85,7.23,2.244,0,0,0,0
2026-09-12 10:58:00,Treasury,,0,0,1,0,1,2,0,1,11,8.73,0.0,14.57,11.22,1.285,0,0,0,0
2026-09-13 19:56:00,Legal,,0,0,0,1,1,3,0,0,16,4.9,0.0,19.37,11.14,4.791,0,0,0,0
2026-09-07 08:31:00,Information Technology,,0,0,2,0,1,4,1,0,15,8.63,0.0,8.15,23.72,2.655,0,0,0,0
2026-09-08 08:53:00,Legal,,0,1,1,1,1,4,1,0,13,10.16,1.032,18.45,0.43,3.467,0,0,1,0
2026-09-09 06:14:00,Loans,,0,0,0,0,1,1,0,0,12,11.093,9.241,6.96,7.02,2.588,0,0,0,0
2026-09-07 19:49:00,Marketing,,0,0,1,0,1,3,0,0,13,1.81,0.384,5.12,15.46,0.303,0,0,0,0
2026-09-07 10:24:00,Information Technology,,0,0,0,0,1,2,0,0,11,4.459,1.15,3.04,2.04,1.419,0,0,0,0
2026-09-07 22:56:00,Loans,,0,0,1,0,0,4,0,0,15,3.345,0.0,12.18,15.25,0.613,0,0,0,0
2026-09-11 06:46:00,Loans,,0,0,0,0,1,5,0,1,17,5.332,0.606,15.38,28.25,7.202,0,0,1,0
2026-09-07 12:48:00,Marketing,BW,1,0,3,3,1,3,1,0,14,17.954,0.841,8.53,2.37,2.406,0,0,1,0
2026-09-12 02:13:00,Human Resources,,0,0,1,0,1,1,0,0,13,6.366,2.196,20.46,2.53,6.536,0,0,1,0
2026-09-12 19:35:00,Customer Service,,0,0,0,0,1,3,0,0,4,4.246,0.0,11.34,14.11,2.693,0,0,0,0
2026-09-10 09:21:00,Customer Service,,0,0,1,0,1,4,0,0,16,2.628,1.066,37.87,10.56,2.164,0,0,0,0
2026-09-08 16:57:00,Customer Service,,0,0,1,0,1,3,1,0,21,21.257,0.586,15.73,18.34,1.527,0,0,0,0
2026-09-08 07:40:00,Legal,,0,0,0,0,1,5,0,0,13,9.361,0.044,15.27,11.11,2.779,0,0,1,0
2026-09-14 06:39:00,Human Resources,,1,0,0,0,1,2,1,0,13,17.17,0.0,21.96,11.28,1.353,0,0,0,0
2026-09-11 12:31:00,Risk,,0,0,0,0,0,2,0,0,12,9.991,0.0,25.02,13.9,0.071,0,0,0,0
2026-09-13 22:22:00,Internal Audit,,0,0,1,0,1,4,2,0,21,4.893,3.335,8.6,39.45,2.271,0,0,0,0
2026-09-08 05:54:00,Internal Audit,ZA,0,0,1,0,1,6,3,0,12,31.601,0.046,32.12,8.16,0.906,0,0,0,0
2026-09-13 08:26:00,Legal,,0,0,1,2,1,5,0,0,11,5.106,0.195,30.83,21.44,1.208,0,0,0,0
2026-09-11 03:32:00,Customer Service,,0,0,1,0,0,6,1,2,11,29.841,0.263,38.13,6.76,0.602,0,0,0,0
2026-09-12 01:42:00,Human Resources,,0,0,0,0,1,2,0,0,9,7.273,0.0,0.18,6.34,3.836,0,0,0,0
2026-09-10 05:25:00,Risk,,0,0,0,1,1,2,0,0,8,2.9,0.0,20.37,5.5,0.456,0,0,0,0
2026-09-08 19:30:00,Procurement,,0,1,1,0,1,2,0,0,11,7.678,0.0,26.77,6.94,3.789,0,0,1,0
2026-09-09 01:53:00,Finance,ZA,0,1,0,0,1,1,0,0,13,1.869,0.0,18.96,19.03,0.225,0,0,0,0
2026-09-13 06:18:00,Information Technology,,0,0,0,0,1,1,0,0,11,6.012,0.0,10.39,21.75,1.988,0,0,0,0
2026-09-07 19:41:00,Customer Service,,0,0,0,1,1,2,0,0,19,29.326,0.0,58.71,8.09,1.647,0,0,0,0
2026-09-09 13:15:00,Information Technology,,0,0,1,0,1,5,0,0,10,5.207,0.723,28.96,0.59,1.589,0,0,0,0
2026-09-07 21:03:00,Information Technology,,0,1,0,0,1,3,0,0,12,18.555,0.647,10.37,10.93,0.586,0,0,0,0
2026-09-08 23:41:00,Customer Service,,0,0,0,0,1,1,0,0,11,10.106,2.41,4.65,8.55,4.557,0,0,0,0
2026-09-08 02:34:00,Human Resources,,0,0,0,0,1,2,0,0,14,5.029,1.236,28.2,29.14,1.007,0,0,0,0
2026-09-09 01:36:00,Customer Service,,0,0,1,0,1,4,1,0,16,16.87,0.666,9.42,26.5,4.5,0,0,0,0
2026-09-09 05:53:00,Treasury,,0,1,1,1,1,3,1,0,20,24.122,0.664,5.34,24.0,2.145,0,1,1,1
2026-09-10 13:21:00,Customer Service,,0,0,2,1,1,5,0,0,12,6.171,0.0,8.18,20.5,6.147,0,0,1,0
2026-09-13 16:39:00,Marketing,BW,1,0,3,2,1,2,0,1,14,11.017,0.652,20.55,4.17,2.392,0,0,1,0
2026-09-08 09:45:00,Customer Service,,0,0,0,0,1,2,0,0,14,10.39,0.614,7.39,13.41,1.426,0,0,0,0
2026-09-13 21:29:00,Customer Service,,0,0,0,1,1,5,0,0,12,6.032,0.0,0.6,5.29,0.461,0,0,0,0
2026-09-12 10:23:00,Customer Service,,0,0,1,1,1,3,0,1,7,2.122,0.0,7.21,33.72,2.227,0,0,0,0
2026-09-09 13:05:00,Customer Service,,0,0,2,1,1,4,0,0,13,5.565,0.039,1.1,16.92,3.955,0,0,0,0
2026-09-13 14:04:00,Loans,,0,0,0,0,1,1,0,0,9,6.852,2.74,4.79,3.46,1.759,0,0,0,0
2026-09-12 10:56:00,Executive,,0,0,1,0,1,2,0,0,17,5.787,0.747,9.45,5.75,3.108,0,0,0,0
2026-09-11 04:07:00,Information Technology,,0,0,0,0,1,5,2,0,14,10.88,0.0,22.97,12.17,0.648,0,0,0,0
2026-09-10 06:04:00,Marketing,,0,0,0,0,1,2,0,1,20,19.645,5.017,4.66,4.39,3.562,0,0,0,0
2026-09-12 08:45:00,Human Resources,,0,0,2,1,1,2,0,0,16,8.933,4.12,36.25,1.64,0.733,0,0,0,0
2026-09-12 15:35:00,Executive,,0,0,1,0,1,3,0,0,17,7.361,3.132,39.17,17.89,0.983,0,0,0,0
2026-09-13 09:46:00,Customer Service,,1,0,0,1,1,4,0,1,11,2.082,0.143,5.83,19.33,0.93,0,0,0,0
2026-09-11 22:13:00,Internal Audit,,0,0,0,0,1,2,1,1,15,4.121,0.557,4.12,1.23,3.654,0,0,0,0
2026-09-08 09:07:00,Loans,,0,0,0,0,0,3,0,0,14,15.213,0.836,32.37,7.87,1.131,0,0,0,0
2026-09-13 10:33:00,Loans,,0,0,1,0,1,5,0,0,17,6.447,1.64,9.62,5.01,0.542,0,0,0,0
2026-09-11 03:20:00,Finance,,0,0,0,0,1,5,0,0,13,0.735,0.0,11.84,4.08,1.516,0,0,0,0
2026-09-10 06:56:00,Executive,,0,0,0,0,1,7,1,1,10,23.739,1.498,27.0,19.95,2.973,0,1,1,0
2026-09-12 18:40:00,Customer Service,,0,0,0,0,1,3,0,0,8,2.309,1.308,6.19,22.2,4.422,0,0,0,0
2026-09-12 00:30:00,Legal,,0,0,0,0,1,2,0,0,8,2.767,4.962,2.0,5.98,1.237,0,0,0,0
2026-09-09 02:24:00,Information Technology,,0,0,0,0,1,1,0,0,18,6.889,0.0,8.52,20.12,1.343,0,0,0,0
2026-09-07 00:11:00,Information Technology,,0,1,0,0,0,2,1,3,17,11.151,0.457,26.03,26.96,2.971,0,0,1,0
2026-09-08 01:00:00,Legal,BW,1,0,2,1,1,3,0,0,15,36.818,16.686,10.34,25.85,1.882,0,0,1,0
2026-09-09 00:41:00,Customer Service,,0,0,0,0,1,1,1,0,13,4.032,0.073,40.62,26.18,6.552,0,0,1,0
2026-09-08 21:26:00,Risk,,0,0,1,0,1,4,0,0,19,5.182,0.227,7.4,22.94,1.973,0,0,0,0
2026-09-07 09:03:00,Finance,,0,0,0,0,1,6,1,0,12,1.34,0.856,6.13,22.09,2.041,0,0,0,0
2026-09-10 22:46:00,Compliance,BW,0,0,1,1,1,5,0,0,16,3.205,0.0,11.32,11.65,4.168,0,0,0,0
2026-09-09 06:04:00,Loans,,0,1,1,0,1,3,0,0,14,9.768,0.0,11.26,12.72,0.682,0,0,0,0
2026-09-13 07:42:00,Executive,,0,0,1,1,0,1,0,0,15,3.003,0.0,26.01,2.22,1.131,0,0,0,0
2026-09-13 17:19:00,Customer Service,,0,0,0,0,1,4,0,0,13,7.915,0.0,12.85,20.93,1.589,0,0,0,0
2026-09-11 16:18:00,Finance,,0,0,1,1,1,1,0,0,14,4.809,1.399,6.3,39.19,3.27,0,0,0,0
2026-09-12 13:25:00,Legal,,0,0,2,1,1,1,0,1,12,5.006,0.0,7.62,44.16,3.911,0,0,0,0
2026-09-07 03:19:00,Compliance,,0,0,0,0,1,1,0,0,10,1.478,2.353,1.02,0.79,1.452,0,0,1,0
2026-09-12 01:00:00,Finance,,0,0,1,0,1,6,0,0,13,4.198,0.19,30.54,13.4,1.565,0,0,0,0
2026-09-08 22:55:00,Legal,,0,0,0,0,1,4,1,0,14,1.967,0.208,15.49,14.92,0.833,0,0,0,0
2026-09-12 22:29:00,Treasury,,0,0,0,1,1,4,1,0,15,1.595,1.022,4.7,3.63,1.498,0,1,0,0
2026-09-07 13:51:00,Internal Audit,,0,0,1,0,1,1,0,0,11,3.565,0.0,19.01,2.44,0.534,0,0,0,0
2026-09-08 02:02:00,Executive,,0,0,1,0,1,8,1,1,17,9.188,0.167,3.91,19.23,2.017,0,0,0,0
2026-09-11 18:33:00,Customer Service,,0,0,0,0,1,2,1,1,18,45.451,0.739,28.81,20.51,0.609,0,0,0,0
2026-09-07 17:31:00,Treasury,,1,0,1,0,1,2,0,0,9,113.207,2.118,0.74,1.05,0.924,0,0,1,0
2026-09-09 12:33:00,Customer Service,,0,0,0,0,1,4,0,0,10,2.991,0.413,22.03,1.07,1.38,0,0,1,0
2026-09-12 11:24:00,Risk,,0,0,0,0,1,2,0,0,11,6.406,1.058,7.01,5.43,0.624,0,0,0,0
2026-09-12 09:28:00,Executive,,0,0,0,0,1,1,0,0,20,4.198,0.055,44.7,1.47,4.113,0,0,0,0
2026-09-13 06:53:00,Internal Audit,,0,0,0,0,1,3,0,0,9,30.328,2.705,17.67,5.5,0.398,0,0,0,0
2026-09-09 05:31:00,Internal Audit,,0,0,0,0,1,4,1,0,8,13.748,0.0,18.48,16.01,1.729,0,0,0,0
2026-09-12 14:47:00,Information Technology,,0,0,1,0,0,6,0,0,16,8.048,2.335,20.91,13.37,4.71,0,0,0,0
2026-09-07 09:58:00,Compliance,,0,0,1,0,1,3,1,0,13,10.801,0.0,7.77,19.37,1.412,0,0,0,0
2026-09-09 06:11:00,Finance,,0,0,2,0,1,2,0,0,13,5.555,4.541,59.38,4.69,0.65,0,0,0,0
2026-09-09 11:19:00,Legal,,0,0,0,0,1,2,0,0,12,36.508,0.237,12.15,25.53,3.468,0,0,0,0
2026-09-08 07:06:00,Human Resources,,0,0,0,1,0,2,0,0,17,16.737,0.053,27.97,7.29,2.163,0,0,0,0
2026-09-12 00:52:00,Treasury,,0,0,1,2,1,2,1,0,18,12.129,0.48,26.83,16.81,0.971,0,0,1,0
2026-09-08 14:22:00,Executive,,0,0,0,1,0,1,0,0,10,16.833,0.079,36.14,24.1,1.474,0,0,0,0
2026-09-10 13:59:00,Finance,ZA,0,1,0,0,1,3,0,0,13,5.055,0.0,21.95,49.97,6.218,0,0,1,0
2026-09-12 19:06:00,Customer Service,,0,0,0,1,1,1,0,0,10,3.634,0.247,3.8,9.88,0.475,0,0,0,0
2026-09-14 05:38:00,Customer Service,,0,0,0,1,0,2,0,0,6,3.082,0.065,36.53,15.67,2.961,0,0,0,0
2026-09-07 01:35:00,Information Technology,,0,0,1,0,1,1,1,0,12,17.866,0.541,9.33,7.63,2.464,0,0,0,0
2026-09-09 09:56:00,Customer Service,,0,0,0,0,1,1,0,0,18,10.366,0.0,4.96,20.64,3.406,0,0,0,0
2026-09-08 02:00:00,Customer Service,,0,0,2,1,1,2,0,0,9,29.539,0.0,6.37,20.39,2.058,0,0,1,0
2026-09-07 01:47:00,Loans,,0,0,0,0,1,3,0,0,6,27.818,0.198,9.29,15.69,1.726,0,0,0,0
2026-09-07 20:06:00,Human Resources,,0,0,0,0,1,3,1,0,12,6.534,0.416,47.05,12.43,0.391,0,0,0,0
2026-09-11 14:32:00,Customer Service,,0,0,0,0,1,7,0,0,15,2.519,1.164,11.16,25.26,1.156,0,0,0,0
2026-09-10 16:21:00,Compliance,,0,1,0,0,1,5,3,1,21,19.329,0.263,15.66,15.46,0.399,0,0,0,0
2026-09-08 20:37:00,Customer Service,,0,0,0,1,1,4,1,0,16,2.378,0.0,8.13,10.37,3.177,0,0,0,0
2026-09-08 11:12:00,Customer Service,,0,0,0,0,1,2,0,0,11,3.907,0.589,15.96,3.23,0.846,0,0,0,0
2026-09-10 16:31:00,Legal,,0,0,1,0,1,3,0,0,18,2.989,0.211,11.43,25.4,0.466,0,0,0,0
2026-09-09 15:53:00,Customer Service,,0,0,0,0,1,1,0,0,10,67.463,3.767,7.64,13.76,1.986,0,0,0,0
2026-09-13 04:56:00,Customer Service,,0,1,0,0,1,4,1,0,13,26.265,2.057,52.36,1.91,1.659,0,1,1,0
2026-09-14 02:41:00,Customer Service,,0,0,1,0,1,4,0,0,10,5.292,1.074,13.23,10.06,1.35,0,0,0,0
2026-09-12 23:42:00,Marketing,,0,0,0,0,0,5,0,0,22,11.945,0.816,9.5,16.63,3.14,0,0,0,0
2026-09-10 21:06:00,Customer Service,ZA,0,0,2,0,1,2,0,0,13,2.001,1.377,20.49,7.9,5.024,0,0,0,0
2026-09-11 00:00:00,Compliance,,0,0,0,0,1,3,1,0,15,26.368,1.267,5.69,7.93,0.723,0,0,0,0
2026-09-07 04:39:00,Finance,,0,0,1,0,1,3,0,0,10,26.144,1.259,8.23,14.28,2.836,0,0,0,0
2026-09-11 10:45:00,Information Technology,,0,0,0,0,1,2,1,1,16,19.745,0.284,5.3,3.47,0.302,0,0,0,0
2026-09-07 01:40:00,Legal,,0,1,0,0,1,1,0,0,14,17.436,0.0,16.29,38.44,5.421,0,0,1,0
2026-09-13 20:38:00,Customer Service,,0,0,2,0,1,1,0,0,12,18.014,0.0,14.39,11.96,0.688,0,0,0,0
2026-09-09 01:41:00,Risk,,0,0,1,1,1,3,0,0,15,3.741,1.576,9.48,5.87,0.5,0,0,0,0
2026-09-10 16:02:00,Customer Service,,0,0,0,0,1,5,1,0,16,8.69,0.55,67.25,4.67,2.329,0,0,0,0
2026-09-12 05:05:00,Customer Service,,0,0,0,0,1,4,0,1,15,20.308,1.269,18.72,12.98,0.223,0,0,0,0
2026-09-10 00:56:00,Information Technology,,0,0,0,0,1,1,0,0,9,2.56,0.618,28.8,22.71,0.692,0,0,0,0
2026-09-12 05:07:00,Information Technology,,0,0,0,0,1,3,0,0,13,20.913,4.531,2.96,5.62,1.101,0,0,0,0
2026-09-10 01:29:00,Loans,,0,1,0,1,1,4,0,0,10,21.495,0.983,44.85,19.98,1.091,0,0,1,0
2026-09-09 11:26:00,Risk,,0,1,1,1,1,2,0,0,15,4.079,3.753,29.61,15.53,0.325,0,0,0,0
2026-09-11 09:17:00,Information Technology,,0,0,0,0,1,1,1,1,14,39.688,0.276,3.16,9.83,0.485,0,0,0,0
2026-09-13 11:39:00,Customer Service,,0,0,0,0,1,2,0,0,7,5.449,0.0,10.11,6.76,2.246,0,0,0,0
2026-09-11 00:44:00,Loans,BW,1,0,0,0,0,4,0,0,9,7.813,0.0,12.67,19.48,2.386,0,0,0,0
2026-09-09 13:23:00,Treasury,,0,1,0,0,1,8,0,0,17,5.787,0.434,17.5,16.4,0.568,0,0,1,0
2026-09-10 17:13:00,Marketing,,0,0,1,0,0,6,1,2,12,3.524,1.151,16.18,37.35,1.401,0,0,0,0
2026-09-07 11:51:00,Human Resources,,0,0,0,1,1,3,0,0,13,4.464,0.252,10.94,1.83,2.414,0,0,0,0
2026-09-12 21:38:00,Loans,,0,0,0,1,1,5,0,0,15,31.15,1.251,7.08,17.53,2.418,0,0,0,0
2026-09-13 00:49:00,Human Resources,,0,0,0,0,1,6,1,0,21,10.698,0.0,13.38,10.39,1.152,0,0,0,0
2026-09-07 14:11:00,Information Technology,,0,0,0,0,1,2,0,0,16,8.899,0.071,13.24,17.51,1.126,0,0,0,0
2026-09-11 17:50:00,Finance,,0,0,0,0,1,4,1,0,22,5.692,1.562,10.31,0.56,3.671,0,0,0,0
2026-09-10 13:32:00,Customer Service,,0,0,1,0,1,4,0,0,14,2.537,0.0,27.99,18.22,2.941,0,0,0,0
2026-09-10 22:22:00,Customer Service,,0,1,0,0,1,1,0,0,13,16.354,2.179,20.61,19.06,2.082,0,0,0,0
2026-09-08 23:27:00,Customer Service,BW,1,0,0,0,1,5,1,0,15,54.188,0.0,8.26,19.2,1.511,0,1,1,0
2026-09-08 18:05:00,Compliance,,0,0,2,0,1,6,0,0,7,9.506,0.0,15.37,7.92,1.37,0,0,0,0
2026-09-13 16:56:00,Finance,,0,0,1,0,1,2,0,0,11,4.453,0.0,15.06,28.77,0.434,0,0,0,0
2026-09-10 23:35:00,Internal Audit,,0,1,0,0,1,2,1,0,19,22.769,5.33,21.41,15.35,0.547,0,0,0,0
2026-09-13 11:36:00,Customer Service,,0,0,0,0,1,3,0,0,5,13.844,0.034,30.81,10.72,4.272,0,0,0,0
2026-09-11 21:05:00,Customer Service,,0,1,1,2,1,6,0,0,15,4.127,2.045,9.97,10.32,5.185,0,0,1,1
2026-09-07 01:58:00,Treasury,,0,0,0,0,1,2,0,0,11,6.888,0.383,12.89,20.46,0.857,0,0,0,0
2026-09-11 20:27:00,Human Resources,,0,0,0,0,1,1,0,0,17,7.61,1.888,15.48,3.91,3.053,0,0,0,0
2026-09-14 03:50:00,Internal Audit,,0,0,1,1,1,3,1,0,14,8.167,0.411,5.33,4.85,1.862,0,0,0,0
2026-09-10 21:37:00,Information Technology,,0,0,0,0,1,8,3,2,18,4.722,0.751,2.26,18.25,0.321,0,0,0,0
2026-09-09 23:08:00,Finance,BW,0,0,2,0,1,4,0,1,14,5.253,0.0,13.69,15.85,3.31,0,0,0,0
2026-09-11 19:58:00,Treasury,,0,1,1,1,1,4,0,0,5,2.871,0.216,18.8,6.81,2.131,0,0,0,0
2026-09-11 23:29:00,Customer Service,,0,0,0,0,1,2,0,0,8,14.908,3.792,21.96,3.95,0.792,0,0,0,0
2026-09-08 01:55:00,Customer Service,,0,1,0,0,1,2,0,0,17,3.456,0.419,18.08,2.68,1.138,0,0,0,0
2026-09-07 08:47:00,Human Resources,,0,0,0,0,1,4,0,0,17,14.262,0.605,26.08,26.51,0.101,0,0,0,0
2026-09-07 14:56:00,Loans,,0,0,0,0,1,1,0,0,16,10.887,0.0,4.5,5.65,1.649,0,0,0,0
2026-09-07 03:12:00,Risk,,0,0,0,1,1,5,2,0,13,11.309,0.0,8.07,3.38,0.714,0,1,0,0
2026-09-09 07:44:00,Human Resources,,0,0,0,0,1,7,1,0,13,20.998,1.995,11.37,29.49,0.356,0,0,1,0
2026-09-13 11:54:00,Information Technology,,0,1,0,0,1,2,1,0,17,5.332,3.412,17.97,12.54,1.702,0,0,0,0
2026-09-13 01:20:00,Human Resources,,0,0,1,0,1,3,0,0,15,13.508,3.649,8.01,40.83,1.89,0,0,0,0
2026-09-11 03:34:00,Information Technology,,0,0,2,0,1,4,1,0,7,5.663,0.0,11.15,23.82,1.094,0,0,0,0
2026-09-07 17:32:00,Finance,,0,0,0,0,1,4,1,0,7,13.004,0.468,10.72,18.7,0.787,0,0,0,0
2026-09-07 10:43:00,Human Resources,,0,0,1,0,1,2,0,0,10,3.781,0.0,11.09,0.89,0.302,0,0,0,0
2026-09-09 13:45:00,Internal Audit,,0,0,0,0,1,1,1,0,10,5.864,0.0,14.47,28.96,0.695,0,0,0,0
2026-09-13 20:08:00,Human Resources,,0,1,1,0,1,3,0,1,9,8.323,0.0,6.01,23.37,0.256,0,0,0,0
2026-09-12 11:16:00,Loans,,0,1,1,0,0,2,0,0,15,3.496,0.0,36.15,2.44,0.581,0,0,0,0
2026-09-07 16:31:00,Risk,,0,0,0,0,1,6,1,0,20,19.815,2.508,27.5,21.0,1.186,0,0,0,0
2026-09-10 08:04:00,Customer Service,,0,1,0,0,1,6,2,0,24,11.129,0.0,39.55,22.32,0.846,0,0,1,0
2026-09-07 13:06:00,Compliance,,0,0,0,0,1,3,2,0,17,51.385,0.0,25.61,11.39,1.294,0,0,0,0
2026-09-10 00:11:00,Executive,,0,0,0,0,1,5,0,0,12,7.452,1.091,20.7,0.73,2.48,0,0,0,0
2026-09-08 03:15:00,Compliance,,0,0,0,0,0,2,0,0,9,10.224,2.965,2.38,18.74,1.645,0,0,0,0
2026-09-08 23:02:00,Information Technology,,0,0,0,0,1,4,0,0,15,11.819,2.183,8.41,3.46,0.201,0,0,0,0
2026-09-11 14:58:00,Loans,,0,0,1,0,0,2,0,0,12,5.293,0.0,16.12,10.03,2.658,0,0,0,0
2026-09-07 18:01:00,Customer Service,ZA,0,0,1,0,1,1,0,0,15,17.634,0.0,18.53,0.47,0.281,0,0,0,0
2026-09-08 23:13:00,Executive,,0,0,1,0,1,7,0,0,7,11.054,0.606,29.32,13.4,0.603,0,0,0,0
2026-09-07 15:37:00,Finance,,0,1,1,1,0,5,2,0,17,26.802,0.0,15.97,45.18,1.915,0,0,1,0
2026-09-07 16:15:00,Executive,,0,0,1,1,1,3,0,0,10,30.821,0.586,42.68,43.34,2.295,0,0,1,0
2026-09-13 19:18:00,Marketing,,0,0,0,0,1,2,0,0,11,14.266,0.615,16.25,22.81,2.332,0,0,0,0
2026-09-14 00:42:00,Customer Service,BW,0,0,1,0,1,4,1,0,18,27.286,1.03,2.84,2.66,1.226,0,0,0,0
2026-09-13 04:37:00,Compliance,,0,0,0,0,1,3,0,0,12,28.024,0.019,3.21,0.94,0.541,0,0,0,0
2026-09-11 22:05:00,Risk,,0,0,1,0,1,4,0,0,7,5.099,0.0,11.73,2.84,0.537,0,0,0,0
2026-09-13 17:50:00,Information Technology,,0,0,0,0,1,1,0,0,10,6.487,0.694,18.47,3.65,1.214,0,0,0,0
2026-09-08 02:28:00,Finance,,0,1,0,0,1,3,1,2,8,16.962,0.0,39.37,15.66,0.612,0,0,1,0
2026-09-13 06:21:00,Internal Audit,,0,0,1,0,1,2,0,0,10,2.237,0.73,5.68,17.25,3.621,0,0,0,0
2026-09-10 00:33:00,Customer Service,,0,0,1,0,1,4,0,0,9,10.618,0.861,16.21,16.87,1.118,0,0,0,0
2026-09-08 06:30:00,Internal Audit,,0,0,0,0,1,5,2,1,20,1.561,0.0,6.74,9.04,0.542,0,0,0,0
2026-09-08 06:57:00,Compliance,,0,0,0,0,1,2,0,0,12,14.339,1.355,14.28,21.68,0.87,0,0,0,0
2026-09-11 14:55:00,Loans,,0,0,0,0,1,3,0,0,6,4.421,0.0,11.3,16.73,0.342,0,0,0,0
2026-09-09 13:11:00,Treasury,ZA,1,0,2,2,1,7,2,2,22,13.816,1.823,23.47,10.87,5.084,1,0,1,1
2026-09-13 01:02:00,Loans,,0,0,0,0,1,5,0,1,8,5.015,0.0,13.44,16.65,3.014,0,0,0,0
2026-09-13 01:23:00,Customer Service,,0,0,1,0,1,3,1,0,15,7.02,0.618,3.09,1.03,4.177,0,0,0,0
2026-09-13 14:31:00,Customer Service,,0,0,0,0,1,2,0,0,9,4.411,0.071,43.18,3.92,1.038,0,0,0,0
2026-09-14 02:44:00,Customer Service,,0,0,0,0,1,1,0,0,9,10.026,1.881,20.96,11.44,0.37,0,0,0,0
2026-09-09 23:35:00,Customer Service,,0,0,0,1,1,7,3,0,13,26.361,0.0,28.51,9.89,4.348,0,0,1,0
2026-09-09 16:07:00,Customer Service,ZA,0,0,1,1,1,4,2,0,15,3.798,1.955,21.21,7.8,0.942,0,0,0,0
2026-09-11 06:41:00,Marketing,,1,0,0,0,1,2,0,0,7,6.57,0.0,10.8,1.49,1.424,0,0,0,0
2026-09-08 23:59:00,Treasury,,0,0,0,0,1,3,0,0,16,10.756,3.067,9.19,36.78,2.245,0,0,0,0
2026-09-08 14:45:00,Finance,,0,0,2,0,1,2,1,0,13,18.986,2.218,6.56,9.22,2.267,0,0,0,0
2026-09-11 08:32:00,Human Resources,,0,1,0,0,1,4,1,0,17,10.91,0.0,9.68,31.7,1.652,0,0,0,0
2026-09-11 13:31:00,Customer Service,ZA,0,0,4,1,1,3,1,0,15,2.503,1.824,2.2,11.96,2.107,0,0,0,0
2026-09-07 02:04:00,Human Resources,,0,0,2,0,1,5,0,0,13,5.181,0.209,15.68,11.66,0.94,0,0,0,0
2026-09-11 13:21:00,Compliance,,0,0,0,0,1,1,0,0,14,7.443,0.427,26.26,6.92,3.695,0,0,0,0
2026-09-08 21:28:00,Finance,,0,0,0,0,1,2,0,0,14,14.574,0.0,2.19,4.58,1.313,0,0,0,0
2026-09-07 17:24:00,Customer Service,,0,0,0,0,1,1,1,0,18,4.18,0.845,13.29,5.69,2.283,0,0,0,0
2026-09-10 21:19:00,Customer Service,ZA,0,0,0,0,1,5,1,1,19,16.253,2.011,19.2,6.14,2.385,0,0,0,0
2026-09-07 09:44:00,Customer Service,,0,0,0,1,1,3,0,0,10,10.515,1.787,10.56,55.22,1.014,0,0,0,0
2026-09-09 10:50:00,Customer Service,,0,1,0,0,1,4,0,0,12,9.739,0.081,13.59,23.24,1.212,0,0,0,0
2026-09-08 14:09:00,Information Technology,ZA,0,0,0,0,1,6,3,0,24,31.773,0.0,23.87,16.3,1.845,0,0,0,0
2026-09-10 16:12:00,Compliance,,0,0,1,0,1,5,1,0,10,15.32,0.0,40.69,3.58,1.552,0,0,0,0
2026-09-14 04:52:00,Customer Service,,0,0,0,1,0,2,0,1,9,13.243,2.095,6.02,19.67,1.865,0,0,0,0
2026-09-12 03:21:00,Customer Service,,0,0,1,0,1,1,0,0,12,1.568,0.0,8.75,1.3,0.394,0,0,0,0
2026-09-10 08:35:00,Marketing,,0,0,0,0,1,2,0,2,10,16.252,2.913,2.6,22.57,0.209,0,0,0,0
2026-09-11 12:20:00,Customer Service,,0,0,0,0,1,1,0,0,3,20.368,5.581,15.5,5.98,0.667,0,0,0,0
2026-09-10 06:10:00,Customer Service,,0,0,0,0,0,1,0,0,14,27.327,0.0,9.67,29.33,1.588,0,0,0,0
2026-09-08 02:03:00,Information Technology,,0,0,1,1,1,2,0,0,10,2.298,0.0,22.45,12.77,0.859,0,0,0,0
2026-09-13 06:22:00,Customer Service,ZA,1,0,0,0,1,3,0,0,13,8.954,0.0,28.47,20.54,0.766,0,0,0,0
2026-09-10 17:47:00,Loans,,0,0,0,1,1,1,0,0,10,8.801,0.0,16.47,7.92,0.434,0,0,0,0
2026-09-12 17:10:00,Information Technology,,0,0,1,0,1,3,1,0,8,9.655,3.357,24.06,5.61,1.572,0,0,0,0
2026-09-11 05:04:00,Human Resources,,0,0,0,1,1,3,0,0,13,3.605,0.0,9.58,26.58,4.685,0,0,0,0
2026-09-08 21:18:00,Customer Service,,0,0,0,0,1,3,0,0,8,3.585,0.0,16.76,1.64,2.958,0,0,0,0
2026-09-12 10:39:00,Treasury,,0,0,2,1,1,2,0,0,9,2.359,0.0,5.5,33.4,0.229,0,0,0,0
2026-09-12 21:37:00,Loans,,0,1,1,0,1,4,0,0,12,10.603,0.483,9.88,15.69,0.505,0,0,0,0
2026-09-13 08:30:00,Procurement,,0,0,2,1,1,2,0,1,6,8.625,0.0,2.89,23.9,1.501,0,0,0,0
2026-09-13 16:36:00,Customer Service,,0,0,0,0,1,1,0,0,15,11.875,3.994,14.99,1.42,0.326,0,0,0,0
2026-09-13 18:11:00,Customer Service,,0,0,0,0,1,1,0,0,13,15.119,0.073,4.87,23.1,5.61,0,0,0,0
2026-09-07 04:36:00,Loans,,0,0,0,0,1,4,0,0,15,1.455,1.083,4.39,10.25,1.122,0,0,0,0
2026-09-08 03:31:00,Human Resources,,0,0,0,0,1,5,1,0,19,10.851,0.378,37.12,4.77,0.9,0,0,0,0
2026-09-11 21:09:00,Legal,,0,1,1,0,1,3,1,0,17,26.719,0.0,14.6,8.08,0.849,0,0,0,0
2026-09-12 21:00:00,Finance,,0,0,0,0,1,2,0,0,12,15.441,0.0,20.56,28.7,0.588,0,0,0,0
2026-09-11 02:31:00,Legal,,0,0,0,0,1,4,0,0,11,10.458,0.361,27.68,19.6,1.636,0,0,0,0
2026-09-07 20:31:00,Legal,,0,0,0,0,1,4,2,0,20,8.803,0.0,28.67,0.32,1.379,0,0,0,0
2026-09-07 08:06:00,Marketing,,0,0,1,0,0,4,1,0,17,10.317,0.326,15.12,0.54,0.382,0,0,0,0
2026-09-10 17:42:00,Loans,,0,1,0,0,1,5,2,2,25,14.17,0.0,12.22,3.23,1.509,0,0,0,0
2026-09-09 23:34:00,Procurement,,0,0,0,0,1,4,1,0,15,34.753,0.839,24.1,1.9,2.043,0,1,0,0
2026-09-09 21:58:00,Information Technology,,0,1,0,0,0,1,1,0,7,19.316,0.0,14.0,9.43,1.232,0,0,0,0
2026-09-08 10:38:00,Customer Service,,0,0,2,0,1,5,0,1,8,8.65,0.682,5.93,13.72,1.118,0,0,0,0
2026-09-11 07:14:00,Information Technology,,0,0,1,1,1,7,2,0,24,13.952,0.044,22.26,2.27,1.124,0,0,0,0
2026-09-09 18:06:00,Procurement,,0,0,0,0,1,3,1,1,17,15.281,0.673,60.08,10.83,0.558,0,1,1,0
2026-09-13 13:22:00,Loans,,0,0,1,0,1,4,0,1,15,5.173,0.0,0.44,24.43,2.37,0,0,0,0
2026-09-08 14:39:00,Finance,,0,0,1,3,1,1,0,0,8,28.466,0.0,9.76,1.12,1.674,0,0,0,0
2026-09-12 20:20:00,Compliance,,0,0,1,1,1,5,1,2,16,7.556,1.398,20.57,12.95,0.959,0,0,0,0
2026-09-08 19:40:00,Customer Service,,0,0,0,1,1,3,0,0,14,1.167,0.0,0.88,18.03,0.699,0,0,1,0
2026-09-13 22:17:00,Finance,,0,1,1,0,1,4,1,0,17,19.95,0.0,14.54,35.1,1.672,0,0,1,0
2026-09-10 23:43:00,Customer Service,,0,0,0,0,1,1,0,0,10,1.86,1.216,2.94,2.81,2.555,0,0,0,0
2026-09-08 08:26:00,Marketing,,0,0,0,0,0,4,0,0,17,10.613,0.0,18.64,9.59,2.51,0,0,0,0
2026-09-11 03:13:00,Compliance,ZA,0,0,2,0,1,2,0,1,18,4.203,1.955,9.01,15.46,1.098,0,0,0,0
2026-09-10 08:29:00,Legal,,0,0,1,0,1,5,1,0,14,21.851,0.342,31.71,42.57,0.298,0,1,1,0
2026-09-11 15:50:00,Finance,ZA,0,0,0,0,1,4,0,0,16,1.523,1.624,38.74,13.16,0.816,0,0,0,0
2026-09-09 09:34:00,Customer Service,,0,0,0,0,1,5,1,1,9,3.203,1.735,23.13,23.64,1.012,0,0,0,0
2026-09-08 09:51:00,Human Resources,,0,0,1,0,1,2,0,0,12,4.833,0.238,9.61,8.04,0.732,0,0,0,0
2026-09-11 04:08:00,Finance,,0,0,0,0,1,3,0,0,14,3.726,1.57,6.64,2.16,1.308,0,0,0,0
2026-09-10 17:23:00,Human Resources,,0,1,0,0,1,2,0,0,10,7.143,0.0,23.05,4.01,0.984,0,0,1,0
2026-09-10 17:51:00,Marketing,,0,0,1,0,1,5,0,0,8,8.008,5.567,8.16,4.1,4.218,0,0,0,0
2026-09-09 07:42:00,Legal,,0,0,0,0,0,3,0,0,10,4.67,2.453,26.78,38.95,0.858,0,0,0,0
2026-09-09 11:44:00,Finance,,0,0,1,0,1,4,0,0,7,5.584,0.757,11.95,1.9,3.083,0,0,1,0
2026-09-09 22:33:00,Customer Service,,1,0,1,0,1,4,0,0,14,2.141,0.0,17.03,8.08,3.33,0,0,1,0
2026-09-10 18:56:00,Compliance,,0,0,1,1,1,4,0,1,16,9.962,0.0,11.03,39.52,1.253,0,0,1,0
2026-09-13 22:48:00,Procurement,,0,1,0,0,1,4,0,0,10,12.988,0.0,20.52,12.71,4.727,0,0,1,0
2026-09-07 21:32:00,Loans,,0,0,0,0,1,2,0,0,15,4.948,0.783,8.83,17.95,0.343,0,0,0,0
2026-09-07 14:03:00,Loans,,0,0,1,0,1,2,0,0,19,22.133,1.236,2.57,5.86,2.482,0,0,0,0
2026-09-13 15:13:00,Customer Service,,0,0,0,0,1,3,0,0,9,7.183,0.362,3.1,8.04,1.259,0,0,0,0
2026-09-07 22:30:00,Internal Audit,,0,0,1,1,1,3,0,0,17,1.258,0.0,34.54,19.64,2.713,0,0,0,0
2026-09-13 23:59:00,Compliance,ZA,0,0,3,2,1,4,1,0,10,6.592,0.181,11.93,13.08,3.831,0,0,1,1
2026-09-12 11:34:00,Loans,,0,0,0,0,1,2,1,0,9,5.904,1.209,8.3,14.73,0.589,0,0,0,0
2026-09-12 17:54:00,Internal Audit,,0,0,0,0,1,1,0,0,12,30.154,0.073,40.39,11.24,0.193,0,0,0,0
2026-09-08 17:44:00,Customer Service,,0,0,1,0,1,2,0,1,8,4.929,0.709,32.85,26.25,1.035,0,0,0,0
2026-09-11 09:45:00,Finance,,1,0,0,0,1,2,1,0,13,27.259,1.308,9.64,20.92,0.412,0,0,0,0
2026-09-13 20:03:00,Risk,,0,0,1,0,1,5,1,1,17,3.847,0.584,24.46,15.37,4.324,0,0,1,0
2026-09-11 02:03:00,Human Resources,ZA,1,0,1,1,1,1,0,0,17,15.8,4.553,4.06,24.62,1.144,0,0,0,0
2026-09-07 08:47:00,Human Resources,,0,0,0,1,1,7,1,0,11,46.341,4.893,2.86,11.69,0.978,0,0,0,0
2026-09-12 03:28:00,Customer Service,,0,0,0,0,1,4,0,0,8,3.788,0.194,13.94,8.66,1.48,0,0,0,0
2026-09-09 10:36:00,Internal Audit,,0,0,0,0,1,3,1,0,17,31.105,2.448,24.88,1.75,0.292,0,0,0,0
2026-09-10 13:20:00,Finance,,0,0,1,0,1,5,0,0,12,5.416,0.0,12.67,10.86,1.436,0,0,0,0
2026-09-08 01:29:00,Procurement,,0,0,2,0,1,2,0,0,10,13.449,0.0,30.32,8.62,2.497,0,0,0,0
2026-09-09 16:07:00,Information Technology,ZA,0,0,3,1,1,4,0,1,14,8.212,2.189,28.59,28.35,2.093,0,0,1,0
2026-09-11 02:32:00,Finance,,0,0,0,1,1,3,0,0,16,6.809,0.127,42.84,48.94,2.212,0,0,1,0
2026-09-13 20:35:00,Human Resources,,0,0,0,0,1,1,0,1,14,20.951,1.363,43.73,36.66,2.455,0,0,0,0
2026-09-07 13:30:00,Compliance,,0,0,1,0,0,6,3,1,25,19.122,2.992,9.13,8.61,2.114,0,0,0,0
2026-09-10 23:59:00,Procurement,,0,0,0,1,1,1,0,0,12,4.059,0.0,13.17,13.29,4.188,0,0,0,0
2026-09-11 08:41:00,Loans,,0,0,1,0,0,1,0,0,14,13.815,0.0,26.69,33.76,1.393,0,0,0,0
2026-09-10 04:53:00,Customer Service,,0,1,0,0,0,4,0,0,16,3.365,0.056,4.3,7.72,0.669,0,0,0,0
2026-09-11 05:45:00,Risk,,0,0,0,0,1,3,1,0,15,5.64,0.393,4.39,23.23,0.348,0,0,0,0
2026-09-14 01:13:00,Finance,,0,1,0,0,1,5,0,0,14,2.77,5.664,17.99,11.36,0.157,0,0,0,0
2026-09-11 06:50:00,Customer Service,,0,0,1,2,1,2,0,0,14,11.958,0.027,18.23,43.28,0.186,0,0,0,0
2026-09-08 12:27:00,Treasury,,0,1,0,0,1,2,0,0,14,11.623,0.0,14.31,8.32,0.859,0,0,0,0
2026-09-10 05:59:00,Compliance,,0,1,0,0,1,2,1,0,18,6.495,1.281,8.52,15.29,2.372,0,0,0,0
2026-09-11 17:58:00,Marketing,,0,0,1,1,1,3,0,0,6,3.741,0.0,14.55,7.19,0.954,0,0,0,0
2026-09-11 23:27:00,Marketing,,0,1,1,0,1,1,0,0,10,1.749,0.0,21.77,12.2,2.146,0,0,0,0
2026-09-07 09:42:00,Loans,,0,1,1,0,1,3,1,1,21,12.875,1.423,10.52,8.17,2.477,0,0,1,0
2026-09-11 19:18:00,Compliance,,0,0,1,0,1,5,1,0,27,66.853,0.0,22.94,2.02,3.599,0,0,0,0
2026-09-13 14:49:00,Executive,,0,0,0,0,1,7,0,1,11,4.017,5.433,21.94,18.61,5.323,0,0,1,0
2026-09-13 23:15:00,Customer Service,,0,0,0,0,1,1,0,0,5,3.259,2.255,11.68,1.08,2.953,0,0,0,0
2026-09-09 03:13:00,Finance,,0,0,1,0,1,3,0,0,8,7.848,0.0,7.11,11.34,1.496,0,0,0,0
2026-09-08 08:29:00,Finance,BW,0,0,0,0,1,4,0,0,13,11.127,7.392,27.07,11.63,0.225,0,0,0,0
2026-09-13 09:33:00,Compliance,,0,0,1,0,1,5,0,0,5,12.824,0.0,2.37,32.87,0.449,0,0,0,0
2026-09-07 21:27:00,Information Technology,,0,0,0,0,1,3,0,0,20,3.031,0.0,30.34,28.46,1.009,0,0,0,0
2026-09-14 06:15:00,Information Technology,,0,0,1,1,0,6,3,1,18,5.709,0.0,33.67,41.71,0.69,0,0,1,0
2026-09-11 23:56:00,Treasury,,0,0,0,0,1,8,0,0,9,7.245,0.0,18.13,18.56,1.471,0,0,0,0
2026-09-11 08:19:00,Customer Service,,0,0,1,0,1,3,0,0,13,2.695,0.0,24.8,2.61,0.133,0,0,0,0
2026-09-12 10:20:00,Customer Service,,0,0,0,0,1,3,0,0,11,2.48,1.565,26.09,11.44,3.237,0,0,0,0
2026-09-11 20:59:00,Treasury,,0,0,0,0,1,2,0,0,14,4.841,1.647,24.84,30.77,2.104,0,0,0,0
2026-09-11 18:35:00,Customer Service,,0,0,0,0,1,2,0,0,15,3.304,9.729,3.85,15.14,0.732,0,0,0,0
2026-09-10 07:40:00,Customer Service,,0,0,0,1,1,2,2,1,15,30.052,0.362,34.13,5.2,1.833,0,0,0,0
2026-09-07 21:56:00,Human Resources,,0,0,1,1,0,3,0,0,11,17.235,1.053,44.85,27.76,3.316,0,0,1,0
2026-09-10 04:42:00,Executive,,0,0,0,2,1,6,1,0,18,12.209,0.997,9.3,2.24,0.692,0,0,0,0
2026-09-07 22:46:00,Customer Service,,0,0,0,0,1,4,1,1,13,6.79,2.987,33.55,3.76,1.712,0,0,0,0
2026-09-09 02:20:00,Customer Service,ZA,0,0,1,0,1,4,1,1,10,15.123,0.836,34.03,10.71,0.375,0,1,0,0
2026-09-08 00:10:00,Human Resources,,0,0,0,2,1,4,0,0,15,25.769,0.0,37.57,1.94,3.702,0,0,0,0
2026-09-11 22:13:00,Customer Service,,0,0,0,0,1,2,0,0,6,11.855,0.238,23.22,4.76,1.035,0,0,0,0
2026-09-14 05:29:00,Customer Service,,0,0,0,0,1,2,1,0,15,11.573,0.466,2.3,5.61,0.27,0,1,0,0
2026-09-10 16:46:00,Customer Service,,0,0,0,0,1,1,0,0,7,1.4,0.0,27.2,11.24,0.699,0,0,0,0
2026-09-07 08:38:00,Risk,,0,0,1,2,1,5,1,2,13,26.539,0.81,16.64,5.77,1.458,0,0,0,0
2026-09-10 00:42:00,Compliance,,0,0,0,0,1,3,0,1,8,5.108,0.073,22.29,2.95,1.622,0,0,0,0
2026-09-11 09:23:00,Internal Audit,,1,0,1,0,1,4,2,0,15,12.109,0.649,3.0,7.24,2.97,0,0,1,0
2026-09-10 19:24:00,Customer Service,,0,0,1,1,1,4,0,0,11,7.006,0.0,6.04,8.5,0.813,0,0,0,0
2026-09-11 03:06:00,Customer Service,,0,0,1,0,1,3,0,0,12,1.896,14.589,41.22,13.47,0.228,0,0,0,0
2026-09-10 18:48:00,Information Technology,,0,0,1,1,1,3,0,0,13,7.867,0.5,23.25,3.16,2.08,0,0,0,0
2026-09-11 19:33:00,Customer Service,,0,0,1,2,1,4,0,0,9,9.391,0.0,0.37,13.07,1.78,0,0,0,0
2026-09-09 16:10:00,Loans,,0,0,0,0,1,6,1,0,13,14.568,0.0,19.16,15.55,0.851,0,0,0,0
2026-09-13 20:09:00,Customer Service,,0,1,0,0,1,2,0,0,9,7.007,2.376,2.4,14.62,4.469,0,0,1,0
2026-09-09 10:11:00,Information Technology,,0,0,0,0,1,3,0,0,9,6.831,3.901,25.43,6.8,0.441,0,0,0,0
2026-09-09 05:20:00,Information Technology,,0,0,1,0,1,6,0,0,16,9.071,0.296,17.09,40.98,0.898,0,0,0,0
2026-09-07 14:22:00,Internal Audit,,0,0,1,1,1,4,0,0,8,9.762,3.687,13.09,8.69,2.712,0,0,0,0
2026-09-10 23:16:00,Customer Service,,0,0,0,0,1,3,1,0,16,5.941,0.889,10.48,12.04,1.501,0,0,0,0
2026-09-13 19:48:00,Treasury,BW,0,0,1,0,1,4,0,1,12,4.361,0.306,16.32,1.52,0.823,1,0,0,0
2026-09-13 14:35:00,Information Technology,,0,0,0,0,1,6,3,0,23,3.753,0.375,15.79,7.16,0.702,0,0,0,0
2026-09-13 20:07:00,Compliance,,0,0,0,0,1,3,0,0,10,2.241,3.905,2.92,10.43,1.292,0,0,0,0
2026-09-07 01:45:00,Procurement,,0,0,0,0,1,2,0,0,13,28.379,0.152,2.19,14.72,2.071,0,0,1,0
2026-09-07 06:57:00,Treasury,,0,0,1,0,1,2,0,0,9,20.715,0.508,29.14,38.93,1.073,0,0,0,0
2026-09-07 04:27:00,Internal Audit,,0,0,1,0,1,4,0,0,8,14.575,0.0,12.71,5.7,1.244,0,0,1,0
2026-09-07 01:03:00,Customer Service,,0,0,0,0,1,2,0,0,14,10.803,0.889,8.75,8.16,3.292,0,0,0,0
2026-09-08 11:23:00,Customer Service,,1,0,0,1,0,3,0,0,13,4.167,0.441,62.98,20.71,2.74,0,0,1,0
2026-09-13 02:01:00,Customer Service,ZA,0,0,0,0,1,1,0,0,11,5.619,0.757,37.88,9.74,0.904,0,0,0,0
2026-09-08 16:02:00,Loans,,0,0,0,0,1,3,0,0,12,0.769,1.798,27.13,14.1,0.352,0,0,0,0
2026-09-09 06:00:00,Human Resources,ZA,0,0,1,1,1,3,0,0,5,24.253,1.583,19.03,18.1,2.549,0,0,0,0
2026-09-12 16:01:00,Customer Service,ZA,0,0,1,0,1,4,1,0,18,3.554,4.846,5.76,10.45,0.979,0,0,0,0
2026-09-12 13:55:00,Compliance,,0,0,0,0,1,1,0,0,20,76.952,0.583,28.51,5.98,2.173,0,0,0,0
2026-09-10 10:54:00,Information Technology,,0,0,0,2,1,4,1,0,14,1.091,0.0,13.25,4.61,1.304,0,0,0,0
2026-09-14 05:04:00,Compliance,,0,0,3,2,1,2,0,0,12,31.401,3.232,24.37,5.37,2.688,0,0,1,0
2026-09-08 08:01:00,Human Resources,,0,0,1,0,1,2,0,0,18,8.543,1.004,5.82,19.16,1.486,0,0,0,0
2026-09-09 06:43:00,Compliance,,0,0,1,0,1,2,2,0,21,29.372,4.834,12.7,7.53,1.983,0,0,1,0
2026-09-14 06:22:00,Information Technology,,0,0,0,0,1,6,2,0,14,20.206,0.408,11.53,17.57,1.202,0,0,0,0
2026-09-08 17:42:00,Loans,,0,0,1,1,1,4,0,0,10,41.652,0.442,24.03,34.16,0.44,0,0,0,0
2026-09-11 08:35:00,Compliance,,0,0,0,0,1,2,0,0,12,9.52,1.298,8.06,11.05,2.125,0,0,0,0
2026-09-09 03:48:00,Risk,,0,0,0,0,1,4,1,2,12,14.701,0.365,22.0,16.49,0.47,0,0,0,0
2026-09-10 14:38:00,Information Technology,,0,0,0,0,1,3,0,0,12,5.391,0.913,18.93,22.25,0.432,0,0,0,0
2026-09-12 05:13:00,Customer Service,,0,0,0,0,1,3,1,0,16,9.05,1.94,12.39,12.0,2.738,0,0,0,0
2026-09-13 11:31:00,Information Technology,,0,0,0,0,1,2,0,0,10,8.271,0.0,5.21,9.2,2.425,0,0,0,0
2026-09-08 04:16:00,Procurement,,0,0,1,1,1,5,1,2,18,7.727,4.361,8.19,22.32,1.403,0,1,1,0
2026-09-12 20:45:00,Marketing,,0,0,3,1,1,5,2,0,19,28.595,0.0,12.54,4.69,0.82,0,1,1,0
2026-09-12 13:24:00,Customer Service,,0,0,0,0,1,1,0,0,10,3.664,0.117,17.28,45.04,0.365,0,0,0,0
2026-09-08 04:42:00,Human Resources,,0,0,0,0,1,3,1,1,16,112.647,0.0,27.63,10.7,0.761,0,0,0,0
2026-09-13 14:20:00,Information Technology,,0,0,1,0,1,1,1,0,10,29.458,0.0,0.77,17.72,0.405,0,0,0,0
2026-09-11 02:07:00,Human Resources,,0,0,1,0,1,3,1,1,17,34.623,0.0,43.5,12.49,0.961,0,0,0,0
2026-09-12 09:07:00,Finance,,0,0,0,0,1,2,0,0,16,10.267,1.027,38.83,10.34,0.424,0,0,0,0
2026-09-08 00:05:00,Internal Audit,,0,0,0,0,1,4,0,1,9,2.4,0.0,24.47,11.13,2.104,0,0,0,0
2026-09-12 22:25:00,Customer Service,,0,0,2,3,1,3,0,0,11,7.042,0.013,18.41,20.92,4.13,0,0,1,0
2026-09-13 10:29:00,Compliance,,0,0,0,0,1,7,4,2,29,9.428,6.043,3.15,0.38,3.919,0,0,1,0
2026-09-09 19:47:00,Customer Service,,0,0,1,0,1,5,2,1,13,4.532,0.562,18.76,1.46,0.476,0,0,0,0
2026-09-11 21:19:00,Procurement,,0,0,0,0,1,2,0,0,5,0.965,0.0,32.36,7.12,0.033,0,0,0,0
2026-09-12 04:03:00,Customer Service,,0,0,0,0,1,2,1,0,17,20.935,0.0,17.41,6.58,1.855,0,1,0,0
2026-09-12 08:48:00,Internal Audit,,0,1,0,0,1,1,0,0,12,3.991,0.75,13.46,6.2,0.914,0,0,0,0
2026-09-11 10:44:00,Loans,,1,0,0,0,1,6,1,0,12,6.912,0.0,11.74,7.34,1.402,0,0,0,0
2026-09-12 12:20:00,Finance,,0,1,0,0,0,5,0,0,13,11.123,1.067,14.52,23.74,0.487,0,0,0,0
2026-09-07 17:38:00,Treasury,,0,0,0,0,1,1,0,0,13,8.215,0.0,11.23,16.03,0.26,0,0,0,0
2026-09-12 06:20:00,Human Resources,,0,0,2,0,1,3,0,0,19,5.985,0.0,37.19,0.69,0.789,0,0,0,0
2026-09-10 03:07:00,Customer Service,,0,0,1,1,1,3,0,0,12,11.979,0.15,9.77,7.24,2.003,0,0,0,0
2026-09-11 16:42:00,Customer Service,,0,0,0,0,1,1,0,0,12,13.707,0.0,30.08,36.87,2.717,0,0,0,0
2026-09-13 15:59:00,Finance,ZA,0,0,1,0,1,2,0,0,15,4.799,0.0,1.24,4.08,1.287,0,0,0,0
2026-09-10 01:32:00,Treasury,,0,0,0,0,1,1,0,0,15,6.957,0.0,3.57,7.51,0.788,0,0,0,0
2026-09-10 17:05:00,Loans,ZA,0,0,1,0,1,1,0,0,4,1.145,0.0,5.52,15.94,0.637,0,0,0,0
2026-09-08 09:14:00,Compliance,,0,0,2,0,1,4,3,0,21,14.478,1.543,34.68,18.64,0.569,0,0,0,0
2026-09-11 13:36:00,Information Technology,,0,0,2,1,1,2,1,0,19,2.971,0.233,22.9,20.46,1.457,0,0,1,0
2026-09-09 15:39:00,Loans,ZA,0,1,0,0,1,1,0,0,10,36.819,0.674,40.23,35.67,1.923,0,0,1,0
2026-09-09 12:52:00,Risk,,0,0,0,0,1,4,0,0,11,2.866,0.0,27.27,17.68,0.266,0,0,0,0
2026-09-11 06:33:00,Information Technology,,0,0,0,0,1,4,0,0,13,8.669,0.0,28.38,6.91,5.66,0,0,0,0
2026-09-14 00:39:00,Marketing,,0,0,0,0,0,1,0,0,13,8.711,0.646,16.05,2.87,0.365,0,0,0,0
2026-09-11 01:52:00,Compliance,,0,1,1,0,1,5,3,1,27,12.38,0.0,21.98,5.26,3.453,0,0,1,0
2026-09-08 10:06:00,Finance,,0,1,0,0,1,6,0,0,15,50.499,2.946,8.4,1.84,1.01,0,0,0,0
2026-09-10 12:47:00,Internal Audit,,0,0,2,1,1,2,0,0,8,5.615,0.399,13.44,7.3,1.733,0,0,0,0
2026-09-09 11:45:00,Treasury,,0,0,3,1,1,3,1,0,11,11.625,0.191,3.77,26.8,2.04,0,0,0,0
2026-09-07 19:04:00,Human Resources,,0,0,0,0,1,4,0,0,13,3.626,0.758,8.02,15.52,1.439,0,0,0,0
2026-09-12 09:40:00,Legal,,0,0,1,0,0,2,1,0,14,11.398,0.0,30.42,45.73,0.328,0,1,1,0
2026-09-13 11:48:00,Loans,,0,0,0,0,1,2,0,0,11,1.518,2.746,24.17,28.36,3.197,0,0,0,0
2026-09-12 17:39:00,Executive,,0,0,1,0,1,2,0,0,10,7.6,4.144,25.53,22.83,3.569,0,0,0,0
2026-09-09 23:50:00,Customer Service,,1,1,0,0,1,1,0,0,10,3.161,0.12,2.32,23.62,3.104,0,0,1,0
2026-09-12 04:21:00,Loans,,0,1,0,0,1,3,1,0,16,5.567,0.508,11.2,5.93,2.301,0,0,0,0
2026-09-07 12:59:00,Information Technology,,0,0,0,0,1,4,3,2,26,17.518,1.111,29.48,3.56,1.503,0,0,0,0
2026-09-09 16:43:00,Customer Service,,0,0,0,0,1,3,1,0,22,5.607,0.0,16.24,11.92,0.27,0,1,0,0
2026-09-11 14:57:00,Customer Service,,0,0,0,0,1,4,1,0,10,3.804,3.536,39.99,11.72,0.602,0,0,0,0
2026-09-12 20:36:00,Executive,BW,0,0,1,1,1,2,0,0,5,7.688,1.502,4.42,24.85,1.931,0,0,0,0
2026-09-13 02:48:00,Customer Service,,0,0,0,0,1,2,0,1,13,6.472,0.393,17.48,5.36,0.67,0,0,0,0
2026-09-13 08:25:00,Information Technology,,0,0,0,0,1,1,1,1,14,13.662,0.063,9.72,7.38,1.832,0,0,0,0
2026-09-09 21:11:00,Human Resources,,0,0,1,1,1,2,0,0,14,9.267,0.0,17.48,1.37,4.081,0,0,0,0
2026-09-08 08:19:00,Finance,ZA,0,0,4,2,1,2,0,0,6,6.151,0.403,15.64,4.36,2.418,1,0,1,0
2026-09-07 18:48:00,Loans,,0,0,1,0,1,3,1,1,19,6.746,0.0,8.7,15.95,0.959,0,0,0,0
2026-09-08 10:30:00,Executive,,0,0,1,1,1,4,0,0,14,8.152,0.0,5.57,13.54,0.764,0,0,0,0
2026-09-12 22:14:00,Compliance,,0,0,1,1,1,4,1,0,16,10.865,0.0,13.69,20.6,0.206,0,0,0,0
2026-09-14 05:15:00,Compliance,,0,0,0,0,1,4,1,1,14,27.748,1.479,5.06,29.84,6.385,0,0,1,0
2026-09-09 13:59:00,Marketing,,0,0,1,0,1,4,1,0,15,5.253,1.245,5.76,20.86,1.032,0,0,0,0
2026-09-10 11:21:00,Finance,,0,0,0,0,1,3,0,0,16,4.17,0.791,9.98,19.18,1.852,0,0,0,0
2026-09-13 17:49:00,Information Technology,,1,0,0,0,1,4,1,0,9,38.561,1.974,20.91,21.16,0.831,0,0,0,0
2026-09-12 15:32:00,Finance,,0,0,1,0,1,1,0,0,13,10.018,0.932,34.7,16.15,2.709,0,0,0,0
2026-09-13 06:20:00,Risk,,0,0,0,0,1,9,0,0,11,4.961,0.0,24.81,22.18,0.278,0,0,0,0
2026-09-09 20:01:00,Finance,,0,0,0,0,1,1,0,0,10,6.48,0.0,1.09,10.99,1.524,0,0,0,0
2026-09-11 17:45:00,Customer Service,,0,0,2,0,1,5,0,1,16,3.48,0.0,4.01,1.58,0.44,0,0,0,0
2026-09-13 06:39:00,Treasury,,0,0,0,0,1,5,0,0,10,27.635,0.0,5.44,5.4,0.845,0,0,0,0
2026-09-07 17:11:00,Customer Service,ZA,1,0,1,1,1,3,0,0,14,7.071,1.858,5.07,28.43,1.865,0,0,0,0
2026-09-07 20:34:00,Human Resources,,0,0,2,1,1,1,0,0,18,6.266,0.445,20.72,5.29,3.371,0,0,0,0
2026-09-12 14:10:00,Risk,,0,0,1,0,1,2,0,0,12,8.423,0.071,19.4,15.07,0.294,0,0,0,0
2026-09-12 20:48:00,Procurement,,0,1,1,0,1,2,0,0,10,7.661,0.329,33.2,7.66,1.687,0,0,0,0
2026-09-12 17:21:00,Compliance,,0,0,0,0,1,3,1,1,20,2.416,0.0,48.63,12.91,0.245,0,0,0,0
2026-09-11 16:08:00,Finance,,0,0,0,1,1,3,0,0,14,2.937,0.974,12.99,15.77,3.856,0,0,0,0
2026-09-13 01:16:00,Executive,,0,0,1,1,1,3,1,0,13,7.344,0.0,9.93,12.69,0.975,0,1,0,0
2026-09-13 04:52:00,Human Resources,,0,0,0,0,1,3,0,0,16,12.761,0.62,30.43,23.64,3.078,0,0,0,0
2026-09-10 22:24:00,Information Technology,,0,0,1,0,1,2,1,0,10,8.11,0.889,30.69,26.35,4.827,0,0,1,0
2026-09-07 11:07:00,Customer Service,,0,0,0,0,1,1,0,0,18,3.538,0.267,8.55,15.7,4.788,0,0,0,0
2026-09-08 04:32:00,Customer Service,,0,0,0,0,1,1,0,0,15,8.167,0.0,2.73,19.46,1.701,0,0,0,0
2026-09-10 21:54:00,Marketing,,0,0,0,0,1,2,0,0,5,17.494,0.932,2.66,2.34,2.262,0,0,0,0
2026-09-09 00:01:00,Customer Service,,0,0,0,0,1,3,0,0,9,28.044,0.428,4.04,23.68,0.583,0,0,0,0
2026-09-11 04:15:00,Compliance,,0,0,0,0,1,6,3,0,30,9.524,0.321,10.92,8.11,2.483,0,0,0,0
2026-09-09 17:17:00,Internal Audit,,0,0,0,0,1,2,0,0,14,14.414,0.492,7.43,26.49,1.565,0,0,0,0
2026-09-10 01:53:00,Information Technology,ZA,1,0,1,0,1,4,1,0,19,17.632,7.303,28.39,12.73,0.313,0,0,0,0
2026-09-12 12:09:00,Information Technology,BW,0,0,0,1,1,8,2,0,22,4.14,2.144,34.39,5.46,2.686,0,0,0,0
2026-09-11 14:16:00,Loans,,1,1,1,2,1,2,0,0,17,3.321,0.148,21.08,7.89,2.658,0,0,1,0
2026-09-07 10:21:00,Legal,,0,0,0,0,1,5,0,0,9,30.414,2.847,6.26,1.01,1.957,0,0,0,0
2026-09-14 04:57:00,Human Resources,,0,0,0,0,1,2,0,0,11,3.776,0.021,23.43,11.58,0.442,0,0,0,0
2026-09-12 04:09:00,Compliance,,0,0,0,1,1,4,0,0,15,3.209,1.234,47.83,3.85,1.236,0,0,0,0
2026-09-12 05:47:00,Compliance,,0,1,1,0,1,7,1,0,10,5.889,0.0,8.23,17.26,0.247,0,0,0,0
2026-09-09 01:29:00,Customer Service,,0,0,0,0,1,4,0,0,14,25.774,0.0,9.53,1.77,3.569,0,0,0,0
2026-09-14 05:29:00,Treasury,,0,0,0,0,1,1,0,1,18,15.244,0.0,23.37,33.89,0.761,0,0,0,0
2026-09-14 00:40:00,Information Technology,,0,1,1,0,1,1,0,0,9,11.252,0.0,35.07,10.18,0.462,0,0,0,0
2026-09-10 22:25:00,Customer Service,,0,0,0,0,1,4,0,0,11,6.577,0.0,11.41,10.41,0.607,0,0,0,0
2026-09-10 17:27:00,Loans,,0,0,0,0,1,2,1,0,24,6.05,2.351,3.44,6.42,1.807,0,1,0,0
2026-09-10 18:58:00,Procurement,,0,0,0,0,0,1,0,0,15,16.274,1.471,14.95,24.05,4.518,0,0,0,0
2026-09-13 10:00:00,Customer Service,,1,0,0,0,1,2,0,1,19,5.646,0.563,8.28,14.32,1.407,0,0,0,0
2026-09-08 19:47:00,Marketing,,0,1,1,0,1,8,1,0,9,2.545,1.04,4.83,13.73,3.826,0,1,1,0
2026-09-11 03:35:00,Treasury,,0,0,0,0,1,1,1,0,17,26.748,2.227,10.7,10.8,0.643,0,1,0,0
2026-09-11 05:47:00,Treasury,,0,0,0,0,1,1,0,0,11,5.246,8.406,11.58,6.56,2.043,0,0,0,0
2026-09-11 00:47:00,Compliance,,0,0,1,0,1,1,0,0,11,11.216,1.948,13.5,8.1,1.232,0,0,0,0
2026-09-13 21:21:00,Marketing,,0,0,0,0,1,2,0,0,10,5.279,0.496,20.53,48.34,0.286,0,0,0,0
2026-09-08 05:27:00,Customer Service,,0,0,1,1,0,5,0,0,17,7.521,0.0,3.16,20.51,2.515,0,0,0,0
2026-09-08 07:59:00,Customer Service,,0,0,0,0,1,4,0,0,11,7.589,0.0,22.04,25.04,0.495,0,0,0,0
2026-09-08 18:43:00,Finance,,0,0,0,0,1,4,0,0,12,3.628,0.0,4.67,23.09,1.276,0,0,0,0
2026-09-09 00:41:00,Customer Service,,0,0,0,0,1,2,0,0,15,2.323,0.546,51.49,8.25,1.235,0,0,1,0
2026-09-13 21:22:00,Legal,,0,0,0,0,1,4,0,0,6,5.073,2.905,25.46,40.43,0.13,0,0,0,0
2026-09-09 03:59:00,Executive,,0,0,0,0,1,1,0,0,14,2.315,0.0,4.06,9.8,1.159,0,0,0,0
2026-09-08 03:35:00,Loans,,0,0,2,0,1,1,0,0,10,7.125,0.0,28.81,4.15,0.433,0,0,1,0
2026-09-12 08:16:00,Customer Service,,0,0,0,0,1,2,0,0,10,5.272,0.874,9.22,4.33,1.493,0,0,0,0
2026-09-12 05:15:00,Customer Service,,0,0,0,0,1,4,0,0,15,10.64,1.253,25.05,25.62,1.512,0,0,0,0
2026-09-10 01:52:00,Human Resources,,0,0,0,0,1,3,0,0,11,1.86,0.0,12.21,21.87,1.229,0,0,0,0
2026-09-11 14:07:00,Risk,,0,0,1,1,1,3,1,0,19,2.982,0.227,6.76,6.23,2.714,0,0,0,0
2026-09-09 13:26:00,Information Technology,,0,0,1,0,1,3,0,0,10,6.889,0.0,3.68,11.88,0.359,0,0,1,0
2026-09-09 21:04:00,Customer Service,,0,0,1,1,1,7,0,0,15,56.453,0.0,49.41,19.12,3.226,0,0,1,0
2026-09-07 12:23:00,Treasury,,1,1,0,0,0,7,2,0,18,4.261,0.0,2.67,13.42,2.756,0,0,1,0
2026-09-12 20:36:00,Treasury,,0,0,0,0,1,7,0,0,8,32.81,0.0,32.68,14.5,2.948,0,0,0,0
2026-09-10 15:48:00,Loans,,0,0,0,0,1,4,1,1,28,25.387,0.748,13.06,7.37,0.506,0,1,0,0
2026-09-08 12:36:00,Customer Service,,0,0,0,0,1,2,0,0,12,22.932,0.269,11.77,2.0,3.5,0,0,0,0
2026-09-12 01:36:00,Information Technology,BW,1,0,0,0,1,3,1,1,15,1.963,0.212,59.43,15.54,0.96,0,0,1,0
2026-09-07 16:45:00,Procurement,,0,0,1,0,1,3,0,0,13,2.926,0.227,7.7,6.1,1.34,0,0,0,0
2026-09-08 01:58:00,Loans,,0,1,1,0,1,5,0,0,15,3.974,0.0,32.21,9.42,0.749,0,0,0,0
2026-09-11 18:23:00,Human Resources,,0,0,0,0,1,5,0,0,13,17.174,2.628,15.8,17.19,1.782,0,0,0,0
2026-09-08 20:59:00,Finance,,0,0,0,0,1,2,0,1,19,10.93,0.0,17.48,43.75,0.841,0,0,0,0
2026-09-11 17:36:00,Executive,,0,0,1,1,0,5,0,0,11,21.756,1.507,0.74,7.51,0.505,0,0,0,0
2026-09-13 21:13:00,Finance,,0,0,0,0,1,2,0,0,11,24.833,0.0,38.17,5.17,1.581,0,0,0,0
2026-09-11 17:30:00,Legal,,0,0,0,0,1,4,0,0,21,6.248,0.189,5.67,12.71,0.662,0,0,0,0
2026-09-09 08:54:00,Finance,,0,0,0,0,1,3,0,1,9,2.666,0.0,20.75,4.45,2.057,0,0,0,0
2026-09-09 10:28:00,Information Technology,,0,0,1,1,1,3,2,2,20,18.192,5.639,13.21,17.44,0.25,0,0,1,0
2026-09-10 04:10:00,Procurement,ZA,1,0,0,0,1,5,2,0,22,17.484,1.931,5.27,51.14,1.451,0,1,1,0
2026-09-10 10:57:00,Procurement,,0,0,0,0,1,4,0,0,15,15.037,2.624,26.05,7.5,2.914,0,0,0,0
2026-09-07 07:23:00,Customer Service,,0,0,0,0,1,2,0,0,14,1.529,0.3,4.45,11.84,2.676,0,0,0,0
2026-09-07 06:11:00,Customer Service,,0,1,2,0,1,3,0,0,17,44.219,0.208,7.37,17.07,2.307,0,0,0,0
2026-09-10 19:49:00,Treasury,,0,0,0,1,1,2,1,0,21,9.16,0.0,21.78,42.87,1.67,0,0,0,0
2026-09-10 21:44:00,Customer Service,,0,0,0,0,1,5,1,0,13,30.867,0.768,13.71,19.13,4.385,0,0,0,0
2026-09-13 04:45:00,Information Technology,,0,0,0,0,1,5,1,0,12,1.504,0.0,25.97,13.47,1.496,0,0,0,0
2026-09-13 01:28:00,Information Technology,,0,0,0,0,1,2,0,0,7,4.57,0.325,44.97,23.43,0.484,0,0,0,0
2026-09-12 04:15:00,Finance,,0,1,0,0,1,2,0,0,14,9.623,0.0,32.47,4.16,1.233,0,0,0,0
2026-09-07 23:28:00,Customer Service,,0,1,0,0,1,1,0,0,3,5.896,0.44,21.28,24.07,0.02,0,0,0,0
2026-09-13 06:01:00,Treasury,,0,0,0,0,1,6,0,0,14,26.521,1.439,10.39,12.44,1.44,0,0,0,0
2026-09-12 04:46:00,Customer Service,,0,0,0,0,1,3,1,0,14,11.473,0.087,2.55,23.91,2.585,0,0,0,0
2026-09-11 06:10:00,Customer Service,,0,0,0,0,1,4,1,1,16,10.572,0.816,15.91,14.63,2.13,0,0,0,0
2026-09-08 17:48:00,Loans,,0,0,0,0,1,3,0,0,11,27.12,0.0,14.04,23.61,3.796,0,0,0,0
2026-09-14 00:30:00,Internal Audit,,0,0,0,0,1,1,0,0,11,6.237,5.396,22.54,20.59,1.584,0,0,0,0
2026-09-13 08:59:00,Executive,,0,0,0,0,1,1,0,0,8,7.275,1.776,7.23,15.2,3.448,0,0,0,0
2026-09-11 17:05:00,Customer Service,,0,0,1,0,1,5,0,0,7,21.161,0.0,23.73,31.27,0.205,0,0,0,0
2026-09-11 21:41:00,Customer Service,,0,0,0,0,1,3,0,0,12,8.586,0.0,8.65,11.69,1.924,0,0,0,0
2026-09-07 09:15:00,Customer Service,,0,0,0,0,0,1,0,0,14,4.805,10.315,17.64,3.32,0.556,0,0,0,0
2026-09-13 07:40:00,Internal Audit,,0,0,1,1,1,3,1,2,15,11.748,0.0,11.5,17.65,0.637,0,0,0,0
2026-09-13 15:16:00,Loans,,0,0,1,0,1,3,0,0,11,5.702,1.303,11.68,11.81,0.894,0,0,0,0
2026-09-11 16:19:00,Procurement,,0,0,0,1,1,4,1,0,10,6.323,0.0,15.0,4.94,4.494,0,0,0,0
2026-09-08 18:23:00,Loans,,0,0,1,0,1,8,1,0,12,33.424,0.0,6.36,7.95,1.524,0,0,0,0
2026-09-08 01:28:00,Compliance,,0,0,1,0,1,1,0,0,14,4.436,0.0,16.88,15.28,0.409,0,0,0,0
2026-09-10 08:28:00,Customer Service,,0,0,0,0,0,3,0,0,9,8.892,0.0,51.18,6.39,0.171,0,0,0,0
2026-09-11 23:53:00,Customer Service,,0,0,0,0,1,1,0,0,12,3.584,0.0,31.46,4.16,2.134,0,0,0,0
2026-09-08 03:56:00,Information Technology,,0,0,0,0,1,5,4,1,26,22.759,1.246,25.37,30.54,3.586,0,0,1,0
2026-09-08 09:36:00,Procurement,,0,0,0,0,1,5,1,1,7,16.485,0.0,17.38,6.83,1.049,0,1,0,0
2026-09-11 18:11:00,Customer Service,,0,0,0,0,1,3,1,0,17,2.843,0.322,24.31,17.42,3.011,0,0,0,0
2026-09-12 18:17:00,Information Technology,,0,1,0,0,1,1,0,0,12,7.149,0.0,5.32,9.33,2.517,0,0,0,0
2026-09-10 05:47:00,Information Technology,BW,0,0,0,0,1,2,1,0,13,14.465,0.991,10.09,8.62,1.967,0,0,0,0
2026-09-07 05:43:00,Customer Service,,0,1,0,0,1,3,0,0,21,8.724,0.0,1.34,36.41,0.189,0,0,0,0
2026-09-11 08:04:00,Loans,,0,0,1,1,1,4,1,0,18,3.927,0.528,2.72,34.95,1.43,0,0,0,0
2026-09-11 02:45:00,Legal,,0,0,1,1,1,3,0,0,9,28.666,1.52,2.31,20.28,1.677,0,0,0,0
2026-09-11 23:05:00,Procurement,,0,0,0,0,1,6,0,0,7,11.138,0.071,17.9,1.94,0.346,0,0,0,0
2026-09-13 12:09:00,Customer Service,,0,0,1,0,1,4,0,0,12,3.569,0.2,20.45,25.3,0.875,0,0,0,0
2026-09-09 00:59:00,Information Technology,,0,0,1,0,1,2,0,0,17,4.503,0.0,1.74,33.0,2.099,0,0,0,0
2026-09-08 16:57:00,Risk,,0,0,0,0,1,4,1,0,15,17.646,0.0,2.04,6.39,1.334,0,0,0,0
2026-09-13 17:13:00,Loans,,0,0,0,0,1,3,0,0,21,13.596,0.0,6.9,6.85,2.578,0,0,0,0
2026-09-10 16:54:00,Human Resources,,0,0,0,0,1,6,0,0,12,5.595,0.0,1.71,10.53,1.476,0,0,0,0
2026-09-13 09:03:00,Customer Service,,0,0,1,0,1,1,0,1,12,35.598,2.77,24.81,5.9,2.464,0,0,0,0
2026-09-13 12:44:00,Executive,,0,0,1,0,1,6,0,0,21,4.035,0.744,28.74,24.84,1.779,0,0,0,0
2026-09-07 06:51:00,Customer Service,,0,0,0,0,1,4,1,0,9,31.183,1.199,4.21,23.57,0.603,0,1,0,0
2026-09-08 21:06:00,Compliance,,0,0,0,0,1,1,0,0,14,8.473,0.399,2.21,7.11,3.195,0,0,0,0
2026-09-12 02:03:00,Information Technology,,0,0,2,1,1,4,1,1,12,21.129,0.099,7.21,3.96,2.801,0,0,0,0
2026-09-13 10:45:00,Marketing,,0,0,0,0,0,1,0,0,13,21.096,0.677,0.84,10.61,0.757,0,0,0,0
2026-09-12 13:06:00,Information Technology,,0,0,0,0,1,5,1,0,10,29.126,2.205,21.25,15.45,2.504,0,0,1,0
2026-09-10 17:28:00,Customer Service,,0,0,0,0,1,2,0,0,15,3.794,0.958,26.17,1.14,2.273,0,0,0,0
2026-09-11 16:00:00,Procurement,BW,1,0,0,0,1,2,0,0,14,13.354,0.0,14.66,22.18,1.144,0,0,0,0
2026-09-11 02:54:00,Customer Service,,0,0,0,0,1,3,2,0,18,6.566,0.0,35.24,12.92,0.164,0,1,0,0
2026-09-09 07:01:00,Marketing,,0,0,0,1,1,4,0,0,19,6.406,0.294,16.35,12.27,1.761,0,0,0,0
2026-09-13 14:21:00,Loans,,0,0,0,0,1,4,0,0,8,7.067,0.0,1.89,3.97,0.814,0,0,0,0
2026-09-12 14:49:00,Compliance,,0,0,0,0,1,5,1,1,18,11.491,0.0,13.37,20.06,0.698,0,0,0,0
2026-09-12 04:55:00,Marketing,,0,0,0,0,1,2,0,0,12,2.498,0.0,41.5,9.3,2.344,0,0,0,0
2026-09-13 23:49:00,Finance,,0,0,0,0,1,3,0,0,10,21.419,0.0,24.19,16.04,2.556,0,0,0,0
2026-09-09 18:25:00,Customer Service,,0,0,0,0,1,5,0,0,8,2.719,0.0,22.81,8.42,1.155,0,0,0,0
2026-09-11 09:06:00,Customer Service,,0,0,1,0,1,1,0,0,14,10.905,4.235,26.95,23.01,1.68,0,0,0,0
2026-09-10 18:22:00,Legal,,0,0,0,0,1,1,0,0,8,8.26,0.538,2.3,40.49,3.114,0,0,0,0
2026-09-08 14:32:00,Human Resources,,0,0,0,0,1,1,0,0,11,43.368,0.249,8.29,6.0,2.959,0,0,0,0
2026-09-13 16:08:00,Finance,,1,0,1,0,1,6,0,0,11,35.172,5.056,18.14,1.36,2.384,0,0,0,0
2026-09-13 08:10:00,Customer Service,,0,0,1,0,1,1,0,0,16,11.257,0.0,4.16,27.42,3.035,0,0,0,0
2026-09-10 18:03:00,Loans,,0,0,1,1,1,4,0,0,12,3.077,0.0,9.62,18.23,2.019,0,0,0,0
2026-09-07 15:59:00,Human Resources,ZA,1,0,3,1,1,2,0,0,10,2.972,0.282,2.14,29.44,0.987,0,0,1,0
2026-09-09 09:48:00,Legal,,0,0,0,0,1,2,0,0,8,9.888,3.804,43.22,22.95,1.098,0,0,0,0
2026-09-08 06:23:00,Marketing,,1,0,0,0,0,3,0,1,11,5.055,0.0,6.18,19.36,0.588,0,0,1,0
2026-09-07 23:38:00,Loans,,0,0,0,0,1,1,0,0,17,5.161,2.802,20.85,22.8,0.596,0,0,0,0
2026-09-07 19:56:00,Finance,,0,0,0,1,1,1,0,1,10,9.405,0.916,2.41,7.98,2.431,0,0,0,0
2026-09-07 17:25:00,Loans,,0,0,0,0,1,3,0,0,9,11.969,0.138,14.67,5.01,0.822,0,0,0,0
2026-09-08 18:45:00,Customer Service,,0,0,0,1,1,2,0,0,12,5.081,1.757,5.96,26.51,4.264,0,0,0,0
2026-09-12 15:18:00,Customer Service,,0,0,0,0,1,2,0,0,9,13.73,2.629,9.12,12.0,0.857,0,0,0,0
2026-09-11 23:44:00,Procurement,,0,0,0,0,1,2,0,0,14,4.392,3.679,28.61,8.89,1.666,0,0,0,0
2026-09-10 21:25:00,Procurement,,0,0,1,1,1,2,0,0,7,6.741,0.0,40.22,6.58,1.555,0,0,0,0
2026-09-07 18:10:00,Internal Audit,,0,0,0,0,0,4,1,0,12,5.161,0.0,4.41,21.26,2.676,0,0,0,0
2026-09-10 10:07:00,Loans,,0,0,0,0,1,3,0,0,19,4.923,3.491,8.52,11.35,1.487,0,0,0,0
2026-09-08 15:55:00,Marketing,,0,0,0,0,1,3,0,0,7,1.274,0.829,58.41,19.29,0.657,0,0,0,0
2026-09-11 17:00:00,Executive,,0,0,0,0,1,2,0,0,8,20.51,5.184,35.33,2.13,0.92,0,0,0,0
2026-09-08 13:17:00,Information Technology,,0,0,0,0,1,1,0,0,17,31.559,0.0,25.42,34.1,1.705,0,0,0,0
2026-09-13 19:41:00,Risk,,0,0,0,0,1,2,0,0,10,15.261,0.051,35.35,8.54,1.239,0,0,0,0
2026-09-10 02:31:00,Information Technology,,0,0,0,0,1,3,1,0,19,13.789,0.0,8.56,6.42,1.411,0,0,0,0
2026-09-11 18:27:00,Human Resources,,0,0,1,1,1,1,0,0,13,16.106,0.0,5.87,0.15,3.091,0,0,0,0
2026-09-10 17:28:00,Information Technology,,0,0,0,0,1,2,0,0,11,3.125,0.0,22.89,8.46,0.622,0,0,0,0
2026-09-11 18:28:00,Treasury,,0,0,1,0,1,3,0,0,8,9.61,0.0,31.92,38.26,1.118,0,0,0,0
2026-09-10 13:16:00,Treasury,,0,0,1,2,1,8,0,0,8,10.713,0.0,4.44,0.24,1.977,0,0,0,0
2026-09-12 17:20:00,Customer Service,,0,0,0,0,1,1,0,0,8,3.52,1.614,16.65,17.19,0.606,0,0,0,0
2026-09-13 15:15:00,Risk,,0,0,0,0,1,6,1,1,20,1.018,0.505,9.92,20.09,0.823,0,0,0,0
2026-09-07 11:12:00,Legal,,0,0,0,0,1,3,0,0,11,4.827,0.264,35.79,20.85,1.511,0,0,0,0
2026-09-12 07:31:00,Human Resources,,0,0,0,0,1,4,0,0,12,19.498,0.0,4.02,39.36,1.311,0,0,0,0
2026-09-12 22:06:00,Finance,,0,0,0,0,1,4,0,0,7,2.95,0.0,34.91,17.81,0.443,0,0,0,0
2026-09-07 15:35:00,Loans,,0,0,2,0,1,4,0,0,10,17.778,0.379,18.32,3.49,1.856,0,0,0,0
2026-09-08 08:01:00,Customer Service,,0,0,0,0,1,2,0,0,10,19.68,0.0,3.3,28.51,1.677,0,0,0,0
2026-09-10 21:12:00,Procurement,,0,0,2,0,1,2,0,0,11,10.023,0.0,14.13,32.56,1.204,0,0,0,0
2026-09-12 19:36:00,Treasury,,0,0,0,0,1,11,1,0,12,28.254,3.238,8.99,45.36,1.111,0,0,0,0
2026-09-09 19:04:00,Customer Service,,0,0,0,0,1,3,1,0,7,11.108,0.008,4.73,16.99,3.547,0,0,0,0
2026-09-07 17:54:00,Customer Service,,0,0,0,0,1,1,0,0,15,8.303,0.0,9.62,14.05,0.546,0,0,0,0
2026-09-08 04:17:00,Treasury,,0,0,0,0,1,5,1,0,10,32.917,0.026,29.52,9.89,0.321,0,0,0,0
2026-09-12 17:40:00,Compliance,BW,0,0,2,3,1,5,2,0,20,3.777,0.448,37.6,22.09,1.255,1,0,1,0
2026-09-11 20:35:00,Finance,ZA,0,0,3,0,1,5,0,0,8,2.853,0.245,13.24,1.53,2.852,0,0,0,0
2026-09-13 06:27:00,Executive,,0,0,0,0,1,5,1,2,17,7.94,1.936,2.73,6.77,1.131,0,0,0,0
2026-09-13 15:28:00,Marketing,,0,0,2,0,1,3,0,0,9,4.106,0.521,1.05,13.56,0.61,0,0,0,0
2026-09-07 05:12:00,Information Technology,,0,0,1,0,1,4,1,2,14,14.709,1.058,58.69,17.74,0.931,0,0,0,0
2026-09-07 22:31:00,Executive,,0,0,0,0,1,6,1,0,20,7.968,0.0,12.13,25.96,1.366,0,1,0,0
2026-09-09 23:09:00,Customer Service,ZA,0,0,1,1,1,4,0,1,18,12.677,2.652,18.14,1.96,0.798,0,0,0,0
2026-09-14 03:27:00,Customer Service,,0,0,1,1,1,2,0,0,13,1.812,1.2,13.85,3.74,2.02,0,0,0,0
2026-09-12 20:08:00,Executive,,0,0,2,1,1,2,0,0,9,11.387,0.014,30.17,11.14,1.924,0,0,0,0
2026-09-08 03:01:00,Loans,BW,1,1,2,2,1,2,0,0,10,7.427,1.727,13.4,21.38,2.544,0,0,1,1
2026-09-11 08:02:00,Human Resources,BW,0,0,1,0,1,1,1,0,19,67.864,0.0,24.07,11.31,1.78,0,0,0,0
2026-09-14 00:16:00,Customer Service,,0,0,0,0,1,2,0,2,11,2.583,0.0,23.8,14.56,1.787,0,0,0,0
2026-09-12 00:17:00,Human Resources,,0,0,0,0,1,7,0,0,19,7.692,1.155,2.25,25.65,1.094,0,0,0,0
2026-09-07 12:56:00,Marketing,,0,0,0,1,1,3,2,3,18,16.743,0.067,18.86,9.07,0.682,0,1,1,0
2026-09-09 12:39:00,Information Technology,,0,0,0,0,1,6,2,0,12,5.678,0.153,11.43,54.01,1.175,0,0,0,0
2026-09-11 07:50:00,Information Technology,,0,1,0,0,1,2,0,0,10,5.364,4.087,6.22,35.23,1.847,0,0,0,0
2026-09-10 00:44:00,Finance,,0,0,0,0,0,6,0,0,12,12.767,0.549,17.07,10.41,0.227,0,0,0,0
2026-09-11 19:51:00,Human Resources,,0,0,0,0,1,3,0,0,14,25.17,0.486,15.55,4.62,1.906,0,0,0,0
2026-09-07 03:37:00,Internal Audit,,1,0,0,0,1,6,1,0,12,8.369,0.0,35.1,16.8,1.403,0,0,0,0
2026-09-11 07:28:00,Executive,,0,0,1,0,1,3,0,0,15,13.369,0.0,11.47,9.22,2.61,0,0,0,0
2026-09-09 14:47:00,Compliance,,0,0,1,0,1,8,1,0,17,2.874,0.179,11.5,11.21,1.75,0,0,0,0
2026-09-12 22:48:00,Internal Audit,,0,0,3,0,1,1,0,0,11,19.414,0.31,37.31,17.08,0.826,0,0,0,0
2026-09-12 17:13:00,Information Technology,,0,0,1,0,1,4,1,0,13,11.88,0.0,7.09,15.34,0.069,0,0,0,0
2026-09-09 16:56:00,Customer Service,,0,0,0,0,1,3,0,0,11,19.194,5.856,28.48,12.11,1.305,0,0,0,0
2026-09-09 18:00:00,Legal,,0,0,0,0,1,2,0,0,12,1.255,1.486,17.26,10.73,2.671,0,0,0,0
2026-09-07 05:34:00,Marketing,,0,0,0,0,1,3,0,0,10,6.023,0.0,16.69,19.94,3.043,0,0,0,0
2026-09-12 18:19:00,Internal Audit,,0,1,0,0,1,4,1,0,8,18.493,0.0,35.75,9.51,1.221,0,0,0,0
2026-09-10 18:27:00,Loans,,0,0,1,0,0,2,0,0,8,3.161,0.0,10.07,28.51,0.343,0,0,1,0
2026-09-13 01:50:00,Information Technology,,0,0,0,0,1,1,0,0,14,16.977,0.0,4.31,35.25,1.628,0,0,0,0
2026-09-10 04:38:00,Human Resources,,1,0,0,0,1,2,0,0,9,4.192,0.0,2.65,5.4,0.973,0,0,0,0
2026-09-08 17:00:00,Loans,ZA,0,1,1,1,1,2,0,0,9,4.229,1.55,9.97,10.54,2.411,0,0,0,0
2026-09-08 02:49:00,Customer Service,,0,0,1,0,1,5,1,0,16,8.031,0.019,8.01,16.24,0.299,0,0,0,0
2026-09-09 04:48:00,Information Technology,ZA,1,0,1,0,1,2,0,0,16,3.43,12.827,26.48,38.05,2.975,0,0,1,0
2026-09-09 22:24:00,Information Technology,,0,0,0,0,1,4,1,0,12,14.674,1.477,18.79,13.67,2.11,0,0,0,0
2026-09-11 08:05:00,Information Technology,,0,0,0,0,1,3,0,0,13,3.054,1.799,29.27,13.1,1.1,0,0,0,0
2026-09-08 20:09:00,Information Technology,,0,0,1,0,1,2,0,1,10,3.939,1.023,14.04,35.75,0.538,0,0,0,0
2026-09-13 18:26:00,Legal,,0,0,0,1,1,4,0,0,18,7.579,2.622,9.12,6.5,1.312,0,0,0,0
2026-09-12 03:31:00,Compliance,,0,0,0,0,1,3,0,0,13,5.48,0.0,21.0,0.02,0.651,0,0,0,0
2026-09-13 03:50:00,Information Technology,,0,0,0,0,1,1,0,0,9,4.968,1.361,33.56,16.98,1.747,0,0,0,0
2026-09-10 04:47:00,Procurement,,1,1,0,0,1,2,0,0,11,7.067,0.474,8.59,4.59,3.415,0,0,1,0
2026-09-08 00:17:00,Legal,,0,0,0,1,0,1,0,0,16,1.74,0.646,17.8,9.25,1.012,0,0,0,0
2026-09-10 20:15:00,Human Resources,,0,0,2,0,1,1,0,0,12,11.73,0.0,30.51,13.83,5.579,0,0,1,0
2026-09-07 03:24:00,Legal,,0,0,0,1,1,3,0,0,11,2.979,0.0,12.99,9.87,0.797,0,0,0,0
2026-09-07 06:38:00,Compliance,,1,0,0,0,1,5,2,0,20,12.156,0.04,9.01,21.25,0.547,0,0,0,0
2026-09-13 00:48:00,Customer Service,,0,0,0,0,1,2,0,0,11,16.032,0.2,53.77,8.49,0.336,0,0,0,0
2026-09-10 00:44:00,Loans,,0,0,1,0,1,2,1,0,15,23.76,1.018,29.96,11.13,0.342,0,0,0,0
2026-09-07 19:41:00,Treasury,ZA,1,0,1,0,1,2,0,0,13,2.004,0.0,2.56,18.22,0.479,0,0,0,0
2026-09-07 18:09:00,Human Resources,,0,0,1,0,1,4,1,0,22,1.585,0.0,2.03,23.4,0.686,0,0,0,0
2026-09-13 10:05:00,Executive,,0,0,0,0,1,3,0,0,10,6.824,1.328,9.96,2.27,1.299,0,0,0,0
2026-09-08 19:11:00,Procurement,,0,0,0,0,1,4,1,1,18,3.421,1.068,13.36,3.78,0.925,0,0,0,0
2026-09-11 04:27:00,Executive,,0,0,0,1,1,5,0,0,16,10.135,0.0,20.25,13.39,2.995,0,0,0,0
2026-09-13 22:34:00,Customer Service,,0,0,2,1,1,2,1,0,11,9.442,0.0,7.77,26.92,0.836,0,0,0,0
2026-09-12 15:41:00,Compliance,,0,0,1,0,1,4,1,0,12,15.845,0.115,7.12,2.59,0.575,0,0,0,0
2026-09-08 18:45:00,Treasury,,0,0,1,0,1,1,0,0,15,10.27,0.0,14.1,4.78,1.696,0,0,0,0
2026-09-10 18:06:00,Customer Service,,0,0,2,2,1,4,0,1,10,12.605,0.346,2.25,26.62,2.552,0,0,0,0
2026-09-12 11:19:00,Customer Service,,0,0,0,0,1,2,0,0,18,4.559,0.861,9.18,10.46,0.253,0,0,0,0
2026-09-11 02:52:00,Compliance,,0,0,1,0,1,1,0,0,5,7.391,0.0,10.37,39.52,0.124,0,0,0,0
2026-09-10 16:47:00,Finance,,0,0,0,1,1,3,1,0,11,11.279,0.764,7.73,18.88,3.508,0,0,0,0
2026-09-07 06:19:00,Finance,,0,0,1,0,1,7,1,0,16,8.021,0.0,4.85,3.71,1.918,0,0,0,0
2026-09-13 07:21:00,Information Technology,,0,1,0,0,1,2,0,0,11,24.715,1.541,11.28,4.75,0.607,0,0,1,0
2026-09-14 03:48:00,Procurement,,0,0,2,0,1,2,0,0,11,3.862,0.0,23.15,5.95,1.418,0,0,0,0
2026-09-07 19:15:00,Human Resources,,0,0,2,1,0,4,0,0,6,6.128,0.0,0.43,17.59,0.143,0,0,0,0
2026-09-10 09:50:00,Customer Service,ZA,1,0,2,0,1,1,0,0,14,3.21,0.0,1.49,26.04,4.852,0,0,1,0
2026-09-14 06:27:00,Customer Service,,0,0,1,1,1,2,0,0,15,12.111,2.024,6.06,5.75,2.914,0,0,0,0
2026-09-13 06:50:00,Human Resources,,0,1,0,0,1,1,0,0,9,14.472,0.0,26.49,2.4,0.701,0,0,0,0
2026-09-13 03:52:00,Procurement,,0,0,0,0,0,2,0,0,15,15.755,0.0,17.91,19.57,0.185,0,0,0,0
2026-09-08 22:53:00,Marketing,,0,0,0,0,1,6,1,0,22,6.168,9.6,30.05,0.32,0.898,0,1,0,0
2026-09-11 07:31:00,Marketing,,0,0,1,0,1,5,0,0,11,26.709,0.0,5.62,14.68,1.974,0,0,0,0
2026-09-11 11:41:00,Customer Service,,0,0,0,0,1,5,0,0,11,11.709,0.042,10.29,18.03,1.574,0,0,0,0
2026-09-09 15:53:00,Procurement,,0,0,0,1,1,1,0,0,15,2.617,0.439,32.11,4.14,0.884,0,0,0,0
2026-09-13 14:30:00,Customer Service,BW,0,0,1,0,1,4,0,0,11,2.546,0.0,17.92,24.88,0.542,0,0,0,0
2026-09-10 08:29:00,Customer Service,,0,0,1,0,1,5,0,0,14,18.059,0.58,0.61,13.05,1.885,0,0,0,0
2026-09-07 21:45:00,Customer Service,,0,0,0,0,1,2,0,0,16,1.798,0.439,19.04,28.23,1.038,0,0,0,0
2026-09-08 18:02:00,Internal Audit,,0,0,1,1,1,2,1,0,17,7.755,0.39,14.42,25.93,1.054,0,0,0,0
2026-09-07 14:46:00,Customer Service,,0,0,0,0,1,3,0,0,3,4.527,0.0,21.37,18.05,1.582,0,0,0,0
2026-09-12 00:19:00,Compliance,,0,0,1,0,1,1,0,2,12,6.574,0.39,10.34,4.28,0.374,0,0,0,0
2026-09-14 02:35:00,Marketing,,0,0,1,1,1,2,0,1,11,47.204,0.0,3.73,35.84,1.59,0,0,0,0
2026-09-12 01:44:00,Information Technology,,0,0,0,0,0,1,0,0,8,14.883,0.0,7.32,16.54,1.453,0,0,0,0
2026-09-13 23:55:00,Executive,,0,0,1,0,1,6,0,0,13,15.576,1.785,8.55,19.51,0.276,0,0,0,0
2026-09-09 01:40:00,Finance,,0,1,0,0,1,2,0,0,14,10.792,0.0,37.09,9.24,0.659,0,0,0,0
2026-09-11 11:16:00,Executive,,0,0,0,0,1,3,1,0,9,6.006,0.036,22.64,16.23,4.834,0,1,1,0
2026-09-13 02:12:00,Loans,,0,1,0,0,1,3,0,0,14,3.389,0.0,37.13,14.77,2.705,0,0,0,0
2026-09-08 20:05:00,Risk,,0,0,0,0,1,6,1,0,16,5.685,0.095,11.7,3.42,2.112,0,0,0,0
2026-09-13 18:49:00,Customer Service,,0,0,2,1,1,1,1,0,17,56.902,0.507,53.42,19.77,2.461,0,0,1,0
2026-09-12 17:45:00,Information Technology,,0,0,1,3,1,4,0,0,13,5.327,0.0,8.14,11.19,0.34,0,0,0,0
2026-09-11 05:15:00,Human Resources,,0,1,1,0,1,3,0,1,7,45.551,0.0,14.15,17.06,2.018,0,0,0,0
2026-09-12 18:33:00,Customer Service,,0,0,0,1,1,3,0,0,13,15.841,0.109,16.43,0.75,1.296,0,0,0,0
2026-09-09 04:21:00,Loans,ZA,0,0,1,0,1,1,0,0,11,3.839,13.279,30.05,2.43,1.354,0,0,0,0
2026-09-09 10:05:00,Human Resources,,0,0,0,0,1,2,0,0,12,6.717,3.191,0.7,17.67,1.817,0,0,0,0
2026-09-08 17:36:00,Human Resources,,0,0,0,0,1,3,0,0,16,11.765,0.0,36.09,13.09,1.675,0,0,0,0
2026-09-09 03:10:00,Human Resources,,1,0,0,0,1,4,0,1,10,3.878,0.0,10.69,25.06,1.771,0,0,1,0
2026-09-12 02:26:00,Procurement,,0,0,0,0,1,7,1,0,20,8.879,0.431,2.74,23.15,2.608,0,0,0,0
2026-09-13 17:46:00,Marketing,,0,0,0,1,1,3,0,0,13,6.069,0.975,17.36,8.28,1.059,0,0,0,0
2026-09-11 02:20:00,Internal Audit,ZA,0,0,1,2,1,2,0,0,10,4.041,1.556,26.92,3.59,1.989,0,0,0,0
2026-09-14 00:14:00,Information Technology,,0,0,1,1,1,3,0,0,18,4.685,0.0,32.7,10.35,0.303,0,0,0,0
2026-09-10 01:16:00,Finance,,1,0,0,1,1,3,2,1,17,5.502,0.109,32.37,22.09,1.856,0,0,1,0
2026-09-11 22:14:00,Customer Service,,1,0,0,0,1,6,1,0,11,8.069,1.154,9.58,8.79,1.574,0,0,0,0
2026-09-12 04:59:00,Procurement,,0,0,1,0,1,2,0,0,18,3.433,0.0,1.3,27.2,2.753,0,0,1,0
2026-09-10 13:47:00,Procurement,,0,0,0,0,1,5,1,0,15,4.882,1.466,21.67,3.48,6.035,0,1,1,0
2026-09-09 08:20:00,Customer Service,,0,0,1,1,1,1,0,0,7,1.27,3.249,5.2,15.96,1.285,0,0,0,0
2026-09-08 00:31:00,Information Technology,,0,1,0,0,1,1,0,0,12,3.121,0.47,7.73,12.86,0.093,0,0,0,0
2026-09-07 20:56:00,Customer Service,,0,0,0,0,1,4,0,0,22,4.17,3.648,66.38,55.36,1.193,0,0,0,0
2026-09-08 03:26:00,Customer Service,,0,0,1,0,1,4,0,0,8,27.996,0.171,29.37,2.0,0.133,0,0,0,0
2026-09-14 03:19:00,Customer Service,,0,0,0,0,0,2,0,0,10,3.661,3.597,8.81,6.66,1.321,0,0,0,0
2026-09-09 13:11:00,Finance,,0,0,0,0,0,2,0,0,9,5.486,2.022,19.99,22.75,3.272,0,0,0,0
2026-09-09 00:31:00,Executive,,0,0,1,1,1,6,2,0,11,13.587,0.0,32.78,9.15,1.279,0,0,0,0
2026-09-14 06:28:00,Information Technology,,0,0,0,0,1,1,0,0,14,6.994,0.53,4.57,26.1,0.56,0,0,0,0
2026-09-10 15:34:00,Compliance,,0,0,2,0,1,5,1,0,13,7.758,3.03,4.12,14.84,0.461,0,0,0,0
2026-09-07 22:16:00,Customer Service,,0,0,0,0,1,3,0,0,18,4.398,0.245,2.7,3.19,0.568,0,0,0,0
2026-09-08 15:43:00,Executive,,0,0,1,1,1,4,0,0,14,3.001,0.764,18.52,3.53,1.027,0,0,0,0
2026-09-12 05:47:00,Customer Service,,0,1,0,0,1,2,0,0,5,7.581,0.0,32.01,8.41,0.683,0,0,1,0
2026-09-09 01:10:00,Human Resources,,0,0,0,0,1,2,1,0,19,4.449,0.73,17.65,2.99,0.595,0,0,0,0
2026-09-13 00:21:00,Loans,,0,0,0,0,0,2,0,0,9,13.568,2.14,13.28,6.05,0.699,0,0,0,0
2026-09-13 09:02:00,Information Technology,,1,0,0,0,1,3,1,0,15,8.528,1.79,2.74,6.84,3.005,0,0,0,0
2026-09-11 11:49:00,Internal Audit,,0,0,0,2,1,2,0,0,9,6.581,1.642,8.32,9.9,4.012,0,0,0,0
2026-09-07 18:47:00,Marketing,,0,0,0,0,1,6,0,0,19,6.069,0.644,34.88,11.57,0.354,0,0,1,0
2026-09-12 01:16:00,Compliance,,0,0,1,0,1,4,2,0,16,22.701,0.654,26.33,24.89,1.151,0,0,0,0
2026-09-10 01:25:00,Customer Service,ZA,0,0,0,0,1,2,0,0,19,8.532,2.727,6.27,13.76,2.734,0,0,0,0
2026-09-07 16:17:00,Information Technology,,0,0,2,1,1,5,1,0,15,7.434,2.539,11.31,17.04,3.142,0,0,0,0
2026-09-07 07:14:00,Customer Service,BW,0,0,4,1,1,5,0,0,10,10.917,0.0,7.71,10.98,1.477,0,0,0,0
2026-09-07 16:46:00,Risk,,0,0,1,0,1,3,0,0,10,24.745,0.0,17.4,17.5,1.862,0,0,0,0
2026-09-13 23:45:00,Compliance,,0,1,1,1,1,3,0,0,9,11.266,0.0,25.7,15.14,6.115,0,0,1,0
2026-09-13 14:48:00,Customer Service,,0,0,0,0,1,4,0,0,12,8.702,0.0,22.46,4.01,1.017,0,0,0,0
2026-09-11 23:36:00,Information Technology,,0,1,0,0,1,3,1,0,13,2.971,3.178,6.36,32.15,2.161,0,0,0,0
2026-09-12 01:31:00,Internal Audit,,0,0,2,1,1,4,1,1,15,8.669,0.0,37.76,24.87,2.432,0,0,1,0
2026-09-13 10:55:00,Information Technology,,0,0,2,0,1,4,2,0,24,22.807,1.127,18.65,28.73,0.784,0,0,0,0
2026-09-07 11:13:00,Compliance,,0,0,0,1,1,2,0,1,13,2.207,1.203,48.81,15.39,1.581,0,0,0,0
2026-09-07 12:23:00,Legal,BW,0,0,0,0,1,1,0,0,11,3.08,0.889,12.97,24.69,0.488,0,0,0,0
2026-09-12 22:05:00,Procurement,,0,0,0,0,1,1,0,0,14,27.983,0.071,4.57,4.55,4.421,0,0,0,0
2026-09-07 09:14:00,Human Resources,,0,0,1,0,1,1,0,0,16,8.007,1.014,1.72,5.39,2.228,0,0,0,0
2026-09-09 20:15:00,Information Technology,BW,0,0,1,1,1,2,1,0,12,1.348,3.543,6.85,41.37,0.674,0,0,0,0
2026-09-12 12:06:00,Marketing,,0,0,0,0,1,6,0,0,12,4.994,0.472,20.63,20.59,1.003,0,0,0,0
2026-09-14 00:59:00,Executive,,0,0,0,0,1,4,0,0,6,7.513,0.0,18.69,10.47,0.83,0,0,0,0
2026-09-10 09:55:00,Procurement,,0,0,0,0,1,7,1,0,12,24.826,1.6,14.76,11.15,0.636,0,0,0,0
2026-09-08 15:42:00,Customer Service,,0,1,1,0,1,4,0,0,10,4.399,0.0,0.95,0.84,1.537,0,0,0,0
2026-09-12 22:35:00,Customer Service,,0,0,0,0,1,4,0,0,9,7.404,0.927,12.38,2.48,0.74,0,0,0,0
2026-09-07 09:17:00,Customer Service,,0,0,1,1,1,2,0,0,18,9.947,4.542,6.67,5.74,3.079,0,0,0,0
2026-09-14 01:14:00,Compliance,,0,0,0,0,1,1,0,0,8,1.481,0.0,7.83,19.37,1.993,0,0,0,0
2026-09-13 10:45:00,Loans,,0,0,0,0,1,5,1,0,15,3.798,0.734,8.53,36.15,1.092,0,0,0,0
2026-09-08 09:10:00,Human Resources,,0,0,0,0,1,2,0,0,5,19.73,0.385,41.49,3.79,1.032,0,0,0,0
2026-09-10 09:40:00,Finance,,0,0,0,0,1,3,0,1,14,29.143,6.503,5.48,16.37,2.223,0,0,0,0
2026-09-09 05:12:00,Finance,,0,0,1,0,1,5,0,0,10,6.159,0.0,13.38,14.92,0.367,0,0,0,0
2026-09-08 13:22:00,Marketing,,0,0,0,0,1,3,0,0,9,6.661,0.32,12.07,33.69,1.554,0,0,0,0
2026-09-12 18:01:00,Human Resources,,0,0,1,0,1,3,0,1,9,9.066,0.0,26.58,27.56,1.311,0,0,0,0
2026-09-12 22:30:00,Marketing,,0,1,1,0,1,3,1,0,24,9.995,0.0,6.65,21.62,0.682,0,0,0,0
2026-09-12 12:34:00,Risk,,0,0,0,1,1,5,0,0,16,3.798,0.06,11.38,48.47,0.299,0,0,0,0
2026-09-09 02:41:00,Human Resources,ZA,0,0,2,0,1,3,0,0,11,18.371,0.0,9.97,15.26,0.349,0,0,0,0
2026-09-13 00:57:00,Finance,,0,0,0,0,1,1,0,0,13,2.603,2.555,27.41,23.27,0.514,0,0,0,0
2026-09-13 04:22:00,Procurement,,0,1,1,1,1,1,1,1,22,3.178,0.0,7.4,5.54,1.697,0,1,1,0
2026-09-14 06:11:00,Customer Service,,0,0,0,0,1,1,0,0,14,56.567,0.601,7.33,22.25,1.411,0,0,0,0
2026-09-09 16:54:00,Treasury,,0,0,0,1,1,3,1,0,16,4.612,0.0,4.97,23.47,2.27,0,1,0,0
2026-09-14 05:33:00,Human Resources,,0,0,0,0,0,1,0,0,20,6.778,2.104,3.06,10.42,1.004,0,0,0,0
2026-09-13 10:43:00,Customer Service,,0,0,1,0,1,8,0,0,5,4.156,0.0,26.19,16.35,1.333,0,0,0,0
2026-09-10 05:56:00,Information Technology,,0,0,1,0,0,6,1,0,17,15.586,0.0,46.93,43.0,2.226,0,0,1,0
2026-09-09 10:38:00,Customer Service,,0,0,0,0,1,5,0,0,14,7.834,0.0,29.65,11.34,0.853,0,0,0,0
2026-09-11 09:25:00,Risk,ZA,0,1,0,0,0,1,0,0,10,3.682,0.0,3.2,16.69,2.148,0,0,0,0
2026-09-10 20:12:00,Compliance,,0,0,0,0,1,4,0,0,19,29.204,0.544,46.94,10.37,1.214,0,0,0,0
2026-09-12 23:30:00,Internal Audit,,0,0,1,0,1,3,1,0,13,3.622,0.773,45.84,1.42,4.277,0,0,1,0
2026-09-13 16:04:00,Finance,,0,0,0,0,1,1,0,0,15,8.223,0.979,8.0,12.2,0.813,0,0,0,0
2026-09-13 10:42:00,Human Resources,,0,0,1,0,1,5,1,0,15,4.514,0.0,48.11,30.9,0.685,0,0,0,0
2026-09-09 02:02:00,Customer Service,ZA,0,0,0,0,1,3,0,0,10,7.199,0.634,31.44,12.39,2.668,0,0,0,0
2026-09-13 08:33:00,Customer Service,,0,0,0,0,1,3,0,2,12,12.279,0.038,17.19,28.75,1.275,0,0,0,0
2026-09-08 19:04:00,Loans,,0,0,0,0,1,4,1,0,15,7.114,0.272,12.65,5.62,1.018,0,0,0,0
2026-09-14 02:15:00,Finance,,0,0,0,0,1,2,0,0,9,5.918,0.593,36.7,26.57,0.555,0,0,0,0
2026-09-13 05:49:00,Compliance,,0,0,0,0,1,6,2,0,22,6.675,1.818,17.42,4.32,0.53,0,0,0,0
2026-09-11 13:08:00,Customer Service,,0,1,1,0,1,5,1,0,11,2.39,0.725,13.03,15.26,1.167,0,0,0,0
2026-09-08 23:21:00,Customer Service,,0,1,0,1,0,5,1,0,10,8.248,0.427,10.17,30.56,1.768,0,0,1,0
2026-09-09 12:40:00,Customer Service,,0,0,1,0,1,3,1,1,18,14.424,2.501,3.56,27.31,0.863,0,0,0,0
2026-09-12 17:11:00,Information Technology,,0,0,0,0,1,4,1,0,17,11.272,0.0,6.3,28.21,0.192,0,0,0,0
2026-09-08 20:44:00,Customer Service,,0,0,0,0,0,3,0,1,12,4.47,0.956,9.66,5.47,3.232,0,0,0,0
2026-09-14 00:24:00,Customer Service,,0,0,0,1,0,2,0,0,13,15.468,0.0,2.97,19.76,1.969,0,0,0,0
2026-09-07 04:42:00,Compliance,,0,0,0,0,1,6,2,1,18,19.56,1.482,7.2,9.48,0.311,0,0,0,0
2026-09-11 00:51:00,Compliance,,0,0,0,1,1,3,0,0,11,8.455,0.68,7.92,15.08,1.087,0,0,0,0
2026-09-10 07:13:00,Procurement,,0,0,0,1,1,7,1,2,14,6.312,1.282,9.21,14.25,0.922,0,0,0,0
2026-09-10 16:04:00,Compliance,,0,0,0,0,1,3,0,0,8,17.955,1.987,15.58,10.56,0.083,0,0,0,0
2026-09-10 15:47:00,Customer Service,,0,0,0,1,1,5,2,0,18,45.895,0.0,4.97,6.74,0.769,0,0,0,0
2026-09-12 19:34:00,Human Resources,,0,0,0,0,1,5,0,0,10,35.957,1.466,40.45,23.22,0.46,0,0,1,0
2026-09-09 13:32:00,Human Resources,BW,0,0,0,0,1,4,1,1,12,17.879,0.0,10.7,24.74,3.408,0,0,0,0
2026-09-07 04:29:00,Legal,,0,0,0,0,1,2,0,0,6,5.643,0.0,40.09,5.86,0.476,0,0,0,0
2026-09-11 14:30:00,Finance,,0,0,0,0,0,4,0,1,13,20.811,0.619,31.73,21.61,0.932,0,0,0,0
2026-09-08 21:15:00,Customer Service,,0,0,0,0,1,2,0,0,9,3.844,0.637,21.89,10.83,4.221,0,0,0,0
2026-09-11 06:04:00,Loans,,0,0,1,0,1,5,0,0,10,12.26,0.0,14.3,18.99,1.115,0,0,0,0
2026-09-09 00:01:00,Information Technology,ZA,0,1,1,2,1,2,1,1,18,8.345,0.0,5.12,4.69,1.771,0,0,1,0
2026-09-10 22:52:00,Internal Audit,,0,0,0,0,1,2,0,0,9,5.824,0.235,2.98,9.31,1.242,0,0,0,0
2026-09-09 11:06:00,Procurement,,0,1,0,0,1,3,0,0,12,8.441,0.804,5.97,30.99,2.155,0,0,0,0
2026-09-10 04:59:00,Finance,,0,1,0,0,1,2,0,0,14,4.387,0.19,8.06,3.31,2.478,0,0,0,0
2026-09-13 15:57:00,Customer Service,,0,0,2,3,1,2,0,0,17,5.893,0.146,11.54,7.15,1.636,0,0,0,0
2026-09-10 15:46:00,Customer Service,,0,0,1,0,1,1,0,0,11,8.207,1.913,17.42,24.37,0.68,0,0,0,0
2026-09-09 09:39:00,Procurement,,0,0,0,0,1,5,0,0,11,1.206,2.994,9.71,3.94,0.355,0,0,0,0
2026-09-11 23:46:00,Information Technology,,0,0,1,0,1,1,0,0,13,6.042,16.87,19.28,16.36,2.537,0,0,0,0
2026-09-12 21:13:00,Human Resources,,0,0,0,0,1,7,0,0,12,12.89,0.12,15.19,3.39,0.275,0,0,0,0
2026-09-11 23:41:00,Procurement,,0,0,0,0,1,2,0,0,15,15.719,1.931,44.97,4.44,1.907,0,0,0,0
2026-09-10 20:02:00,Risk,,0,0,2,0,1,6,0,0,11,2.91,0.125,9.1,1.19,2.485,0,0,0,0
