session_id,session_start,user_id,department,source_country,new_device,off_hours,failed_logins_30m,mfa_denials,mfa_approvals,unique_resources,sensitive_resources,denied_accesses,files_read,bytes_downloaded_mb,data_upload_mb,process_risk_score,destination_risk_score,peer_deviation_score,impossible_travel,privilege_mismatch
S00436,2026-09-07 00:01:00,kndjavera,Compliance,NA,0,0,0,0,1,5,2,0,17,5.822,2.114,24.33,10.76,2.551,0,0
S00441,2026-09-07 00:10:00,jkavari,Finance,NA,0,1,0,0,1,2,0,0,15,6.344,0.892,17.26,8.0,0.638,0,0
S00180,2026-09-07 00:46:00,amupanda,Compliance,NA,0,0,1,0,1,4,1,0,14,19.595,0.0,10.94,14.41,1.022,0,0
S00219,2026-09-07 00:59:00,ntinda,Marketing,NA,0,0,0,0,1,4,1,0,19,4.994,0.0,36.1,5.37,1.952,0,0
S00218,2026-09-07 01:14:00,shilongo,Loans,NA,0,0,2,0,1,3,0,0,13,3.624,3.493,40.17,16.5,0.387,0,0
S00332,2026-09-07 01:17:00,jkavari,Finance,NA,0,0,0,0,1,3,0,0,8,3.451,1.738,7.14,35.16,1.19,0,0
S00177,2026-09-07 01:26:00,mukwambi,Human Resources,NA,0,0,0,0,1,3,0,0,13,3.205,1.757,27.57,1.15,0.934,0,0
S00312,2026-09-07 01:27:00,ntinda,Marketing,NA,0,1,1,0,1,2,0,0,11,3.04,0.0,25.06,36.43,1.173,0,0
S00255,2026-09-07 01:41:00,hamukwaya,Treasury,BW,0,0,0,0,1,7,0,0,12,3.416,0.0,14.01,1.44,3.446,0,0
S00026,2026-09-07 01:42:00,mukwambi,Human Resources,NA,0,0,0,0,1,1,0,0,14,22.416,0.0,9.2,13.75,1.086,0,0
S00095,2026-09-07 01:47:00,haufiku,Information Technology,NA,1,0,0,0,0,5,2,0,18,9.988,3.401,8.55,2.86,1.601,0,0
S00046,2026-09-07 02:08:00,nghifindaka,Information Technology,NA,0,0,1,2,1,5,0,1,9,5.229,0.294,8.31,5.75,3.472,0,0
S00052,2026-09-07 02:49:00,nnakale,Customer Service,NA,0,0,0,0,1,5,0,0,9,9.255,0.383,18.38,3.82,0.876,0,0
S00101,2026-09-07 03:28:00,murorua,Risk,NA,0,0,0,0,1,2,1,0,18,17.163,0.0,17.52,35.46,2.392,0,0
S00421,2026-09-07 04:03:00,nambala,Loans,NA,0,0,0,0,1,6,0,0,9,5.814,2.261,14.64,26.85,0.621,0,0
S00394,2026-09-07 04:08:00,tshivute,Finance,NA,0,1,0,0,1,5,0,0,8,4.507,0.746,19.24,12.22,0.914,0,0
S00272,2026-09-07 04:46:00,kndjavera,Compliance,NA,0,0,2,0,1,4,0,0,10,8.612,0.674,13.71,9.17,3.986,0,0
S00077,2026-09-07 05:30:00,ntinda,Marketing,NA,0,0,0,0,1,2,0,0,8,11.752,0.289,15.69,22.72,2.459,0,0
S00164,2026-09-07 05:56:00,tjirera,Internal Audit,NA,0,0,0,0,1,2,2,1,22,30.97,0.358,16.77,25.3,1.07,0,0
S00157,2026-09-07 06:15:00,mukwambi,Human Resources,NA,0,0,1,0,0,3,0,0,9,11.803,0.182,12.63,22.52,0.14,0,0
S00089,2026-09-07 06:18:00,jkavari,Finance,NA,0,0,0,0,1,7,0,0,13,8.068,2.74,4.85,18.23,0.998,0,0
S00448,2026-09-07 06:25:00,ndjaba,Customer Service,NA,0,0,0,1,1,6,0,0,8,5.535,1.137,20.41,37.53,1.097,0,0
S00330,2026-09-07 06:33:00,katjiuongua,Information Technology,NA,0,0,3,1,1,1,0,0,5,1.7,1.314,10.7,8.97,6.355,0,0
S00351,2026-09-07 08:15:00,haufiku,Information Technology,NA,0,0,1,0,1,5,0,0,14,2.431,1.374,7.84,3.39,1.369,0,0
S00443,2026-09-07 08:19:00,mbandeka,Legal,NA,0,0,0,0,1,3,0,0,7,8.754,0.0,23.77,19.62,0.259,0,0
S00242,2026-09-07 08:30:00,murorua,Risk,NA,0,0,0,0,1,2,0,0,9,6.953,1.465,4.88,39.53,0.682,0,0
S00257,2026-09-07 08:40:00,haufiku,Information Technology,NA,0,0,0,0,1,4,1,0,20,11.971,5.343,13.32,3.52,1.561,0,0
S00211,2026-09-07 08:48:00,nghifindaka,Information Technology,NA,0,0,2,2,1,4,0,0,16,9.333,2.231,33.56,14.7,3.472,0,0
S00058,2026-09-07 09:36:00,ntinda,Marketing,NA,0,0,0,0,1,4,0,0,8,5.083,0.939,9.66,9.39,0.733,0,0
S00253,2026-09-07 10:10:00,katjiuongua,Information Technology,NA,0,0,1,0,1,2,2,1,16,7.235,0.0,10.57,11.79,0.953,0,0
S00074,2026-09-07 10:11:00,nduminga,Customer Service,NA,0,1,0,0,1,2,0,0,14,8.76,4.879,14.88,18.74,2.243,0,0
S00406,2026-09-07 10:19:00,katjiuongua,Information Technology,NA,0,0,0,0,1,5,0,0,12,4.254,0.319,14.63,29.54,3.926,0,0
S00324,2026-09-07 10:29:00,hamukwaya,Treasury,NA,0,0,1,0,1,7,1,0,16,3.297,0.0,31.68,15.68,1.821,0,0
S00423,2026-09-07 10:53:00,hamukwaya,Treasury,NA,0,0,0,0,1,2,0,1,8,29.767,0.991,32.07,0.39,3.049,0,0
S00337,2026-09-07 11:03:00,haufiku,Information Technology,NA,0,0,0,0,1,1,1,0,16,28.513,2.772,13.11,33.01,1.922,0,0
S00050,2026-09-07 11:11:00,ndjaba,Customer Service,NA,0,0,1,0,1,4,0,1,18,4.459,1.392,11.05,16.23,0.93,0,0
S00396,2026-09-07 11:20:00,shilongo,Loans,ZA,0,0,0,0,1,2,0,0,16,7.742,1.62,11.18,3.24,3.071,0,0
S00240,2026-09-07 11:45:00,shilongo,Loans,NA,0,0,1,1,1,3,1,0,9,6.393,0.0,31.22,7.51,1.507,0,0
S00402,2026-09-07 11:51:00,ndjaba,Customer Service,ZA,0,0,1,0,1,4,0,0,9,9.693,0.0,2.39,42.38,2.826,0,0
S00013,2026-09-07 11:56:00,tshivute,Finance,NA,1,0,0,0,1,6,0,1,17,1.672,0.0,19.1,3.73,0.636,0,0
S00273,2026-09-07 12:01:00,katjiuongua,Information Technology,NA,0,0,1,1,1,5,1,0,13,24.035,0.094,34.93,30.89,0.506,0,0
S00424,2026-09-07 12:19:00,jkavari,Finance,NA,0,0,1,0,1,1,0,0,14,3.003,0.0,11.37,10.09,3.825,0,0
S00360,2026-09-07 12:39:00,mhaingura,Customer Service,NA,0,1,0,0,1,4,1,0,11,16.162,2.511,26.63,1.77,1.224,0,1
S00361,2026-09-07 13:33:00,mbandeka,Legal,NA,0,0,1,2,1,2,0,0,12,8.54,0.824,2.19,6.82,0.073,0,0
S00301,2026-09-07 13:36:00,haufiku,Information Technology,NA,0,0,0,0,1,2,0,0,8,10.475,0.0,21.86,18.31,2.28,0,0
S00114,2026-09-07 14:20:00,haufiku,Information Technology,NA,0,0,0,1,1,3,1,0,12,7.154,0.0,11.8,0.59,1.916,0,0
S00391,2026-09-07 14:54:00,mhaingura,Customer Service,NA,0,0,0,0,1,7,0,0,8,17.106,0.0,25.03,18.34,0.756,0,0
S00155,2026-09-07 14:54:00,mhaingura,Customer Service,NA,0,0,2,2,1,9,0,0,9,13.926,0.356,7.02,23.2,1.824,0,0
S00028,2026-09-07 15:34:00,mukwambi,Human Resources,BW,0,0,1,1,1,2,0,0,12,9.996,0.0,24.22,3.94,2.262,0,0
S00221,2026-09-07 15:50:00,amupanda,Compliance,NA,0,0,0,0,1,3,1,0,15,3.665,0.0,20.4,29.37,1.262,0,0
S00400,2026-09-07 16:16:00,kndjavera,Compliance,NA,0,0,0,0,1,1,0,0,10,3.801,0.0,13.83,8.74,1.089,0,0
S00133,2026-09-07 16:17:00,murorua,Risk,NA,0,0,0,0,1,2,0,0,8,4.881,0.254,2.89,14.8,0.838,0,0
S00165,2026-09-07 16:41:00,pnakale,Human Resources,NA,0,1,0,0,1,3,1,1,11,13.631,0.171,9.52,22.3,2.05,0,0
S00189,2026-09-07 17:39:00,jkavari,Finance,NA,0,0,0,1,1,1,0,0,10,21.277,0.002,13.09,3.6,2.043,0,0
S00160,2026-09-07 18:04:00,tjirera,Internal Audit,NA,0,0,2,1,0,5,1,0,13,2.189,2.381,1.72,11.13,1.053,0,0
S00047,2026-09-07 18:07:00,sihuhua,Customer Service,NA,0,0,0,0,1,3,1,0,15,14.24,0.0,22.72,11.14,0.601,0,1
S00037,2026-09-07 18:12:00,amupanda,Compliance,NA,0,0,1,0,1,7,0,0,7,22.025,0.0,1.5,9.34,1.007,0,0
S00442,2026-09-07 19:56:00,shapaka,Executive,NA,0,0,0,0,1,2,1,0,22,9.831,0.402,9.2,14.41,0.402,0,0
S00358,2026-09-07 20:12:00,jkavari,Finance,NA,0,1,2,0,1,3,0,0,12,0.89,0.0,14.2,3.61,0.762,0,0
S00140,2026-09-07 20:13:00,shapaka,Executive,NA,0,0,0,0,1,3,1,0,18,43.139,0.706,3.39,13.86,1.279,0,1
S00248,2026-09-07 20:39:00,nduminga,Customer Service,NA,0,0,0,0,1,3,0,1,13,5.231,0.861,22.31,0.81,1.687,0,0
S00404,2026-09-07 20:44:00,mhaingura,Customer Service,NA,0,0,1,1,1,4,0,0,10,5.313,1.624,3.75,6.3,1.375,0,0
S00061,2026-09-07 21:18:00,nduminga,Customer Service,NA,0,0,1,0,1,1,0,0,6,15.076,0.722,4.47,18.89,0.974,0,0
S00380,2026-09-07 21:41:00,tjirera,Internal Audit,NA,0,0,2,2,1,3,2,0,18,8.905,0.0,30.82,20.72,2.819,0,0
S00212,2026-09-07 22:23:00,shapaka,Executive,NA,0,0,2,0,1,2,0,1,17,2.942,0.0,8.81,23.23,0.434,0,0
S00087,2026-09-07 22:24:00,mhaingura,Customer Service,NA,0,0,0,0,0,4,0,2,17,5.939,2.135,19.86,7.78,0.91,0,0
S00168,2026-09-07 22:24:00,nduminga,Customer Service,NA,1,0,1,0,0,1,0,0,8,3.89,0.0,29.98,13.05,1.762,0,0
S00081,2026-09-07 22:33:00,shilongo,Loans,NA,0,0,1,0,0,1,1,0,14,11.007,0.0,25.66,9.28,2.848,0,0
S00012,2026-09-07 22:52:00,murorua,Risk,NA,0,0,0,0,1,1,0,0,14,1.127,0.0,14.47,24.02,1.0,0,0
S00299,2026-09-07 23:07:00,amupanda,Compliance,NA,0,0,1,0,0,3,1,0,15,13.076,0.0,10.45,16.27,0.362,0,0
S00340,2026-09-07 23:22:00,mbandeka,Legal,NA,0,0,0,0,1,1,0,1,10,5.814,0.0,8.67,10.07,1.618,0,0
S00333,2026-09-07 23:49:00,pnakale,Human Resources,NA,0,0,0,0,1,2,0,0,15,14.454,2.429,17.01,4.93,1.798,0,0
S00413,2026-09-08 00:20:00,murorua,Risk,NA,0,0,1,0,1,4,0,0,10,2.987,5.166,22.42,11.91,2.204,0,0
S00055,2026-09-08 00:54:00,shapaka,Executive,NA,0,0,0,0,1,3,1,0,17,5.211,0.087,4.61,10.99,4.52,0,0
S00145,2026-09-08 01:15:00,hamukwaya,Treasury,NA,0,0,0,0,1,4,0,0,8,14.366,2.395,16.63,17.26,0.569,0,0
S00084,2026-09-08 01:34:00,mbandeka,Legal,NA,0,0,1,1,1,3,0,0,7,15.458,0.977,13.66,24.36,1.597,0,0
S00296,2026-09-08 01:44:00,murorua,Risk,NA,0,0,0,0,1,8,1,1,14,21.529,1.459,29.06,21.08,0.709,0,0
S00174,2026-09-08 01:55:00,shilongo,Loans,NA,0,0,1,0,1,6,0,1,12,26.793,0.312,42.57,13.18,1.423,0,0
S00291,2026-09-08 02:32:00,hamukwaya,Treasury,NA,0,0,0,0,1,2,0,0,15,6.782,2.12,3.46,2.04,1.163,0,0
S00106,2026-09-08 02:57:00,shilongo,Loans,NA,0,0,0,0,1,3,0,0,13,12.071,1.989,41.08,9.49,3.086,0,0
S00346,2026-09-08 03:34:00,tkamati,Customer Service,NA,0,0,0,0,1,3,0,0,24,3.713,0.017,8.11,20.21,1.662,0,0
S00169,2026-09-08 03:36:00,sihuhua,Customer Service,NA,0,0,1,0,0,1,0,0,16,5.303,0.576,36.08,36.55,1.788,0,0
S00031,2026-09-08 04:24:00,pnakale,Human Resources,NA,0,0,2,1,1,1,0,0,15,8.689,0.343,27.48,6.35,0.662,0,0
S00042,2026-09-08 04:26:00,tshivute,Finance,NA,0,1,1,0,1,2,0,0,8,1.281,0.0,10.9,18.47,0.159,0,0
S00041,2026-09-08 04:43:00,tjirera,Internal Audit,NA,0,0,0,0,1,7,0,0,9,19.047,6.258,7.93,1.98,0.616,0,0
S00415,2026-09-08 05:13:00,amupanda,Compliance,NA,0,0,0,0,1,3,1,0,5,10.928,0.0,12.64,12.04,0.733,0,0
S00016,2026-09-08 05:38:00,katjiuongua,Information Technology,NA,0,0,0,0,1,3,1,0,9,14.046,0.0,20.91,4.59,0.478,0,0
S00073,2026-09-08 05:44:00,ndjaba,Customer Service,NA,0,0,0,0,1,5,0,0,18,7.415,0.0,35.82,20.51,1.22,0,0
S00365,2026-09-08 05:49:00,nghifindaka,Information Technology,NA,0,0,0,0,1,3,1,1,12,6.86,0.0,11.58,17.09,0.509,0,0
S00200,2026-09-08 05:54:00,murorua,Risk,NA,0,1,0,0,1,1,0,0,15,1.503,0.0,40.81,25.29,0.096,0,0
S00290,2026-09-08 05:54:00,nnakale,Customer Service,NA,1,0,0,1,1,3,0,0,10,2.295,0.017,24.38,3.31,5.431,0,0
S00038,2026-09-08 06:31:00,pnakale,Human Resources,NA,0,0,1,1,1,5,1,0,19,11.214,0.713,9.08,8.95,1.925,0,0
S00060,2026-09-08 06:47:00,katjiuongua,Information Technology,NA,0,0,0,0,1,5,1,0,16,26.109,1.571,14.58,14.1,1.853,0,0
S00226,2026-09-08 06:59:00,tshivute,Finance,NA,0,0,0,1,1,4,0,0,7,8.05,3.477,5.49,17.43,2.319,0,0
S00395,2026-09-08 07:11:00,nduminga,Customer Service,NA,0,1,0,0,1,2,0,0,11,3.893,0.0,3.4,17.49,2.157,0,0
S00066,2026-09-08 07:55:00,shilongo,Loans,NA,0,0,1,0,1,2,0,0,14,2.518,0.563,25.17,27.87,1.136,0,0
S00040,2026-09-08 08:39:00,mukwambi,Human Resources,NA,0,1,0,0,1,4,0,0,12,1.884,2.103,2.27,2.68,2.151,0,0
S00278,2026-09-08 08:51:00,katjiuongua,Information Technology,ZA,1,0,2,1,1,4,1,1,9,6.586,0.0,10.13,17.62,2.224,0,0
S00388,2026-09-08 08:59:00,tkamati,Customer Service,NA,0,0,0,0,1,2,1,0,21,11.48,0.542,31.15,7.89,0.142,0,0
S00298,2026-09-08 09:24:00,ntinda,Marketing,NA,0,0,2,1,1,2,0,0,8,7.769,0.0,51.54,20.78,1.983,0,0
S00175,2026-09-08 10:15:00,amupanda,Compliance,NA,0,0,0,0,1,3,1,1,19,8.593,0.0,4.37,5.37,1.257,0,0
S00389,2026-09-08 10:19:00,jkavari,Finance,NA,0,0,1,0,1,4,0,0,9,4.885,0.99,12.63,25.31,0.241,0,0
S00397,2026-09-08 10:22:00,jkavari,Finance,NA,0,0,0,1,1,2,0,0,7,8.508,0.298,13.62,18.1,1.047,0,0
S00372,2026-09-08 10:57:00,sihuhua,Customer Service,NA,0,0,0,0,1,3,0,0,13,1.862,0.504,8.49,4.75,0.933,0,0
S00304,2026-09-08 10:58:00,mukwambi,Human Resources,NA,0,0,1,2,1,3,0,0,13,21.686,3.519,23.98,8.17,1.286,0,0
S00410,2026-09-08 11:33:00,tjirera,Internal Audit,NA,0,0,2,0,1,2,1,0,12,8.036,0.0,34.03,32.9,0.535,0,0
S00123,2026-09-08 13:09:00,tjirera,Internal Audit,NA,0,0,0,0,1,1,1,1,17,58.63,6.968,28.13,34.03,3.482,0,0
S00054,2026-09-08 14:05:00,katjiuongua,Information Technology,NA,0,0,0,0,1,1,0,0,10,29.362,0.0,16.38,1.9,2.545,0,0
S00179,2026-09-08 14:29:00,katjiuongua,Information Technology,NA,0,0,1,1,1,1,0,0,14,3.251,1.704,10.23,23.47,0.745,0,0
S00153,2026-09-08 14:34:00,pnakale,Human Resources,NA,0,0,0,0,1,4,1,0,14,14.503,0.353,28.94,10.03,0.821,0,0
S00178,2026-09-08 15:04:00,mukwambi,Human Resources,NA,0,1,0,1,1,3,0,0,12,0.91,0.0,4.3,4.87,0.428,0,0
S00117,2026-09-08 15:07:00,mbandeka,Legal,NA,0,0,0,0,1,2,0,0,11,4.839,0.007,24.14,11.12,1.734,0,0
S00198,2026-09-08 15:39:00,mbandeka,Legal,NA,0,0,0,0,1,3,0,0,18,2.88,0.619,13.05,44.74,4.058,0,0
S00163,2026-09-08 15:47:00,nghifindaka,Information Technology,NA,0,1,0,0,1,4,1,0,19,5.391,0.0,12.73,22.75,0.454,0,0
S00326,2026-09-08 16:05:00,murorua,Risk,ZA,0,0,0,0,1,3,0,0,9,5.372,1.034,15.16,6.66,2.655,0,0
S00192,2026-09-08 16:16:00,shilongo,Loans,NA,0,1,0,0,1,3,0,0,9,2.934,0.434,14.81,25.67,1.688,0,0
S00201,2026-09-08 16:25:00,nnakale,Customer Service,NA,0,0,0,0,1,3,1,0,23,7.74,0.113,2.22,15.08,0.659,0,0
S00250,2026-09-08 17:29:00,ntinda,Marketing,NA,0,1,0,0,1,5,1,0,19,32.73,0.0,10.61,24.57,0.38,0,0
S00274,2026-09-08 17:51:00,pnakale,Human Resources,NA,0,1,0,0,1,2,0,1,12,13.164,0.0,47.77,18.83,2.348,0,0
S00019,2026-09-08 17:59:00,sihuhua,Customer Service,NA,0,1,1,1,0,2,0,0,8,1.778,3.153,33.71,31.49,2.972,0,0
S00203,2026-09-08 19:16:00,ntinda,Marketing,NA,0,0,2,1,1,5,0,0,10,4.863,0.225,30.19,8.97,1.918,0,0
S00102,2026-09-08 19:22:00,tkamati,Customer Service,NA,0,1,1,0,1,3,0,0,13,23.371,0.0,9.43,3.8,1.507,0,0
S00420,2026-09-08 19:48:00,pnakale,Human Resources,NA,0,1,0,0,1,4,1,0,14,14.691,0.0,19.18,45.69,0.316,0,0
S00148,2026-09-08 20:06:00,shilongo,Loans,NA,0,0,0,0,1,2,0,0,19,3.422,0.034,26.85,14.55,2.657,0,0
S00083,2026-09-08 20:27:00,katjiuongua,Information Technology,ZA,0,0,0,0,0,1,0,0,10,14.17,0.0,35.62,7.7,1.616,1,0
S00412,2026-09-08 20:46:00,murorua,Risk,NA,0,0,0,0,1,4,0,0,17,5.774,0.971,1.09,19.43,0.389,0,0
S00027,2026-09-08 20:52:00,sankwasa,Procurement,NA,0,0,1,1,1,1,0,0,9,4.093,0.0,3.17,5.85,0.735,0,0
S00371,2026-09-08 21:49:00,ntinda,Marketing,NA,0,0,0,0,1,1,0,0,15,5.119,0.786,20.14,3.55,1.666,0,0
S00199,2026-09-08 22:05:00,tkamati,Customer Service,NA,0,0,0,0,1,4,0,0,6,4.431,1.589,31.14,24.24,1.306,0,0
S00100,2026-09-08 22:17:00,shapaka,Executive,NA,0,0,0,1,1,5,1,0,16,6.0,0.085,18.97,17.25,0.526,0,0
S00235,2026-09-08 22:22:00,mbandeka,Legal,NA,0,0,0,0,1,1,0,0,16,2.856,0.585,3.6,33.8,0.746,0,0
S00173,2026-09-08 22:26:00,katjiuongua,Information Technology,NA,0,1,0,0,1,4,0,0,6,1.879,0.417,4.53,34.83,1.859,0,0
S00338,2026-09-08 23:47:00,shilongo,Loans,NA,0,0,0,1,1,1,0,0,12,7.141,0.302,19.99,20.53,0.599,0,0
S00307,2026-09-09 00:45:00,kndjavera,Compliance,NA,0,0,1,1,1,2,0,1,20,5.132,0.0,8.6,20.97,0.094,0,0
S00068,2026-09-09 01:00:00,ndjaba,Customer Service,NA,0,0,0,0,1,8,0,0,9,25.743,3.731,2.77,1.71,2.455,0,0
S00297,2026-09-09 01:23:00,murorua,Risk,NA,0,0,0,0,0,5,1,1,19,0.992,3.111,13.7,9.27,2.058,0,0
S00150,2026-09-09 01:30:00,hamukwaya,Treasury,NA,0,0,2,2,1,6,1,1,16,6.715,0.618,4.18,0.24,0.318,0,1
S00398,2026-09-09 02:03:00,jkavari,Finance,NA,1,0,0,0,1,8,0,0,15,40.39,0.0,16.2,30.35,2.464,0,0
S00129,2026-09-09 02:34:00,katjiuongua,Information Technology,NA,0,0,0,0,1,2,1,0,18,39.119,1.275,20.65,17.54,0.813,0,0
S00120,2026-09-09 02:44:00,nghifindaka,Information Technology,NA,0,0,0,1,1,3,0,0,21,7.145,0.567,51.88,2.12,2.737,0,0
S00305,2026-09-09 04:39:00,ndjaba,Customer Service,NA,0,0,1,0,1,2,0,1,9,4.981,1.661,7.12,53.28,0.637,0,0
S00244,2026-09-09 05:07:00,katjiuongua,Information Technology,NA,0,0,0,0,1,1,1,0,16,14.6,0.0,4.3,17.68,0.358,0,0
S00227,2026-09-09 05:10:00,mukwambi,Human Resources,NA,0,0,0,0,1,1,0,0,18,6.668,5.023,21.03,21.5,0.466,0,0
S00233,2026-09-09 05:32:00,tkamati,Customer Service,NA,0,0,2,1,1,2,1,0,17,16.965,1.035,8.79,14.25,4.77,0,0
S00067,2026-09-09 07:28:00,hamukwaya,Treasury,NA,0,1,0,0,1,6,1,1,14,14.751,0.183,21.46,11.53,1.222,0,0
S00122,2026-09-09 08:50:00,ndjaba,Customer Service,NA,0,0,0,1,1,6,0,0,11,29.977,8.265,2.93,6.59,2.004,0,0
S00344,2026-09-09 09:12:00,mhaingura,Customer Service,NA,0,0,0,0,1,2,0,0,11,32.035,0.0,10.11,8.1,0.872,0,0
S00021,2026-09-09 09:18:00,tkamati,Customer Service,NA,0,1,0,0,1,1,0,0,13,5.635,0.56,10.17,12.09,0.666,0,0
S00185,2026-09-09 09:22:00,sihuhua,Customer Service,NA,0,0,0,0,1,4,1,0,14,7.578,0.153,48.56,13.31,1.191,0,0
S00294,2026-09-09 09:51:00,katjiuongua,Information Technology,NA,0,0,0,0,1,5,1,1,11,5.069,0.0,21.06,38.19,0.611,0,0
S00085,2026-09-09 10:51:00,mukwambi,Human Resources,NA,0,0,2,1,1,3,0,0,17,3.689,0.079,33.08,1.65,1.739,0,0
S00408,2026-09-09 10:53:00,nduminga,Customer Service,NA,0,1,0,0,1,4,0,0,9,6.705,4.351,3.27,21.72,1.019,0,0
S00159,2026-09-09 11:45:00,kndjavera,Compliance,NA,0,0,2,1,1,4,2,0,19,38.876,0.312,8.24,6.73,1.157,0,0
S00186,2026-09-09 12:05:00,sankwasa,Procurement,NA,0,0,0,0,1,1,0,1,5,8.529,0.271,10.16,36.98,1.897,0,0
S00020,2026-09-09 12:41:00,sankwasa,Procurement,NA,0,0,1,1,1,1,0,0,6,3.428,0.477,18.49,7.9,0.276,0,0
S00043,2026-09-09 12:42:00,sihuhua,Customer Service,NA,0,0,1,0,1,5,0,0,14,4.783,2.222,8.21,3.89,2.364,0,0
S00376,2026-09-09 12:52:00,tjirera,Internal Audit,NA,0,0,0,0,1,3,0,0,12,7.917,0.0,12.87,24.66,0.885,0,0
S00008,2026-09-09 14:25:00,nambala,Loans,NA,0,0,0,0,1,1,0,0,8,20.466,0.0,23.72,27.55,2.955,0,0
S00336,2026-09-09 14:35:00,tshivute,Finance,NA,0,0,0,0,1,3,0,0,14,3.149,4.095,9.73,20.24,0.675,0,0
S00142,2026-09-09 14:48:00,katjiuongua,Information Technology,ZA,0,0,1,1,1,1,0,0,13,13.173,0.0,27.06,7.77,1.071,0,0
S00220,2026-09-09 14:53:00,amupanda,Compliance,NA,0,0,0,0,1,2,1,1,10,2.351,0.0,17.0,27.81,2.43,0,0
S00193,2026-09-09 14:53:00,kndjavera,Compliance,NA,0,0,0,0,1,2,0,0,14,8.337,0.0,19.46,4.33,1.683,0,0
S00368,2026-09-09 14:56:00,mhaingura,Customer Service,ZA,0,0,1,0,1,3,0,0,16,15.179,0.974,0.65,10.65,0.835,0,0
S00136,2026-09-09 14:58:00,sihuhua,Customer Service,NA,0,1,2,0,1,1,0,0,9,13.41,0.018,14.64,13.89,1.272,0,0
S00126,2026-09-09 15:08:00,nambala,Loans,NA,0,0,0,0,1,5,0,1,13,4.044,6.635,30.12,14.63,2.522,0,0
S00422,2026-09-09 16:35:00,shapaka,Executive,NA,0,0,0,0,1,3,0,0,10,20.867,0.0,7.2,21.02,2.031,0,0
S00309,2026-09-09 17:40:00,tjirera,Internal Audit,NA,0,0,0,0,1,3,1,0,17,15.235,2.443,20.99,16.89,1.345,0,0
S00091,2026-09-09 19:00:00,mukwambi,Human Resources,NA,0,0,2,0,1,5,0,0,13,4.774,3.59,6.12,16.87,1.208,0,0
S00428,2026-09-09 19:03:00,shapaka,Executive,NA,0,0,1,0,1,6,0,1,7,7.382,0.0,9.42,0.65,0.324,0,0
S00172,2026-09-09 19:30:00,jkavari,Finance,NA,0,0,0,0,1,1,0,0,13,14.382,0.0,35.58,19.49,0.104,0,0
S00418,2026-09-09 20:41:00,amupanda,Compliance,NA,0,0,1,0,1,7,2,0,21,19.648,0.0,10.8,45.01,3.844,0,0
S00261,2026-09-09 20:52:00,sihuhua,Customer Service,NA,0,0,0,0,1,5,0,0,14,8.066,0.427,4.75,5.91,0.631,0,0
S00075,2026-09-09 20:53:00,amupanda,Compliance,NA,0,0,2,1,1,4,2,0,21,57.163,1.072,16.11,7.31,1.361,0,0
S00355,2026-09-09 21:15:00,katjiuongua,Information Technology,NA,0,0,0,0,1,2,1,0,8,25.76,0.0,13.88,16.7,4.264,0,0
S00259,2026-09-09 21:48:00,tjirera,Internal Audit,NA,1,0,0,0,1,5,2,0,18,7.069,0.043,23.22,4.24,1.546,0,0
S00283,2026-09-09 22:36:00,sihuhua,Customer Service,NA,0,0,2,0,1,1,0,0,10,2.415,0.573,25.19,28.12,1.996,0,0
S00149,2026-09-09 23:03:00,haufiku,Information Technology,NA,0,0,0,0,1,6,0,1,7,11.239,0.71,14.89,26.33,0.498,0,0
S00286,2026-09-09 23:08:00,katjiuongua,Information Technology,NA,0,0,0,0,1,3,1,1,15,11.872,2.536,48.53,19.48,2.135,0,0
S00246,2026-09-09 23:18:00,ntinda,Marketing,NA,0,0,1,0,1,2,0,0,12,8.889,0.0,24.36,14.1,1.876,0,0
S00216,2026-09-09 23:40:00,ndjaba,Customer Service,NA,0,0,1,0,1,4,1,0,13,12.011,0.471,2.07,22.26,1.068,0,0
S00417,2026-09-09 23:46:00,jkavari,Finance,NA,0,0,0,0,1,2,0,0,10,2.327,1.44,38.2,10.3,3.116,0,0
S00281,2026-09-09 23:59:00,nambala,Loans,NA,0,0,1,1,1,1,0,0,9,2.869,0.0,23.98,11.68,4.518,0,0
S00048,2026-09-10 01:02:00,mukwambi,Human Resources,NA,0,0,2,0,1,3,0,1,13,8.505,0.757,5.7,10.14,2.839,0,0
S00444,2026-09-10 01:08:00,tkamati,Customer Service,NA,0,0,0,0,1,3,1,0,16,3.231,0.0,20.98,11.09,0.979,0,0
S00399,2026-09-10 01:17:00,nnakale,Customer Service,NA,0,0,1,0,1,2,0,0,13,1.84,0.663,6.9,5.35,3.396,0,0
S00367,2026-09-10 01:30:00,mbandeka,Legal,NA,0,0,0,0,1,5,0,0,16,21.111,0.493,13.71,18.94,3.368,0,0
S00088,2026-09-10 01:33:00,nghifindaka,Information Technology,NA,0,0,0,0,1,4,2,0,19,10.436,2.375,23.13,9.22,1.605,0,0
S00223,2026-09-10 01:37:00,haufiku,Information Technology,NA,0,0,1,1,1,3,0,0,11,2.96,0.0,9.13,19.52,5.764,0,0
S00237,2026-09-10 02:26:00,shilongo,Loans,NA,0,0,1,1,1,2,1,0,14,11.832,0.0,8.64,13.24,0.767,0,1
S00213,2026-09-10 02:39:00,mukwambi,Human Resources,NA,0,0,0,1,0,1,0,0,12,3.513,0.222,3.63,5.11,0.233,0,0
S00321,2026-09-10 02:44:00,nambala,Loans,NA,0,1,1,0,1,2,0,0,8,8.242,0.0,1.92,13.75,0.241,0,0
S00121,2026-09-10 03:00:00,nambala,Loans,NA,0,1,1,1,1,2,0,0,16,6.412,0.0,8.97,15.53,0.738,0,0
S00302,2026-09-10 03:09:00,nambala,Loans,NA,0,0,0,0,1,3,0,0,21,9.254,2.061,9.76,11.9,1.117,0,0
S00381,2026-09-10 03:27:00,jkavari,Finance,NA,0,0,0,0,1,3,0,1,16,7.394,0.0,9.22,19.75,1.456,0,0
S00025,2026-09-10 04:29:00,tjirera,Internal Audit,NA,0,0,0,0,1,7,1,1,11,17.063,6.869,26.58,2.53,0.99,0,0
S00156,2026-09-10 04:31:00,nduminga,Customer Service,NA,0,0,1,0,1,4,0,1,13,6.864,0.0,81.84,8.25,1.907,0,0
S00205,2026-09-10 04:38:00,tkamati,Customer Service,NA,0,0,0,2,1,1,0,1,21,5.143,7.228,1.4,11.86,1.387,0,0
S00082,2026-09-10 04:54:00,mhaingura,Customer Service,NA,0,0,0,0,1,1,0,0,13,12.551,0.952,14.43,2.6,1.501,0,0
S00329,2026-09-10 05:17:00,kndjavera,Compliance,NA,0,1,1,1,0,1,0,0,17,30.574,0.0,28.35,15.64,1.709,0,0
S00323,2026-09-10 05:57:00,nambala,Loans,NA,0,0,0,0,1,6,0,0,16,6.065,0.622,10.69,4.52,1.237,0,0
S00176,2026-09-10 06:25:00,mbandeka,Legal,NA,0,0,0,0,1,3,0,0,12,8.871,0.221,35.92,14.21,1.764,0,0
S00271,2026-09-10 07:38:00,kndjavera,Compliance,NA,0,0,1,0,1,8,1,0,8,37.469,0.518,8.74,9.56,1.45,0,0
S00270,2026-09-10 07:39:00,mbandeka,Legal,NA,0,0,1,0,1,1,0,0,16,26.353,0.17,33.73,0.05,1.906,0,0
S00188,2026-09-10 08:11:00,haufiku,Information Technology,NA,0,0,0,0,1,6,1,0,15,6.723,0.0,20.73,9.85,0.769,0,0
S00276,2026-09-10 08:23:00,nnakale,Customer Service,NA,0,0,0,0,1,1,0,0,8,16.901,4.072,7.39,8.87,1.026,0,0
S00151,2026-09-10 08:55:00,sankwasa,Procurement,NA,0,0,0,0,1,6,1,0,12,10.325,0.0,5.14,4.86,6.06,0,0
S00053,2026-09-10 09:01:00,mukwambi,Human Resources,NA,0,0,1,1,1,2,0,0,8,4.953,0.123,16.06,19.74,1.139,0,0
S00112,2026-09-10 09:30:00,mukwambi,Human Resources,NA,0,0,1,0,1,5,0,0,11,13.54,0.106,10.41,10.77,0.831,0,0
S00154,2026-09-10 11:39:00,tjirera,Internal Audit,NA,0,1,0,0,1,1,0,0,7,8.561,0.231,15.44,9.75,0.953,0,0
S00306,2026-09-10 12:12:00,nnakale,Customer Service,ZA,0,0,2,0,1,1,0,0,16,31.548,0.0,14.28,3.43,0.52,0,0
S00138,2026-09-10 12:20:00,ntinda,Marketing,NA,0,0,0,0,1,1,0,0,12,3.747,4.425,8.01,3.76,1.817,0,0
S00229,2026-09-10 12:33:00,sankwasa,Procurement,NA,0,1,0,0,1,1,0,0,15,3.932,0.0,14.19,50.82,0.792,0,0
S00093,2026-09-10 12:40:00,shilongo,Loans,NA,0,0,2,0,1,4,2,2,23,21.621,0.0,1.62,19.21,3.618,0,1
S00289,2026-09-10 12:54:00,pnakale,Human Resources,ZA,0,0,1,0,1,2,0,0,12,2.699,1.556,32.17,9.14,1.195,0,0
S00056,2026-09-10 13:24:00,kndjavera,Compliance,NA,0,0,0,0,1,2,1,1,16,10.626,0.0,7.17,12.44,4.205,0,0
S00431,2026-09-10 13:43:00,nambala,Loans,NA,0,0,0,0,1,4,1,0,10,21.519,0.775,14.27,19.58,0.217,0,1
S00070,2026-09-10 14:03:00,kndjavera,Compliance,NA,0,0,0,0,1,2,2,0,30,42.154,0.16,10.8,30.74,2.098,0,0
S00141,2026-09-10 14:45:00,tkamati,Customer Service,NA,0,0,0,0,1,2,0,0,15,0.909,0.0,40.4,27.52,1.528,0,0
S00125,2026-09-10 14:55:00,tjirera,Internal Audit,NA,0,0,0,0,1,3,1,1,17,43.807,0.565,5.02,7.08,0.413,0,0
S00265,2026-09-10 15:05:00,hamukwaya,Treasury,ZA,0,0,2,0,1,5,0,0,9,5.082,0.0,11.04,5.19,2.096,0,0
S00241,2026-09-10 15:44:00,sihuhua,Customer Service,NA,0,0,1,0,1,1,0,0,8,4.229,0.584,8.27,11.95,1.053,0,0
S00065,2026-09-10 16:10:00,nduminga,Customer Service,NA,0,0,0,1,1,3,1,0,21,4.328,0.678,21.62,25.33,2.008,0,1
S00197,2026-09-10 16:10:00,amupanda,Compliance,NA,0,0,1,0,1,4,1,0,20,4.955,0.823,57.44,6.57,4.887,0,0
S00313,2026-09-10 16:11:00,shapaka,Executive,NA,0,0,0,0,1,6,0,0,7,31.745,0.0,29.25,4.6,3.494,0,0
S00258,2026-09-10 16:31:00,tjirera,Internal Audit,NA,0,0,0,0,0,2,1,0,16,13.602,0.0,17.7,0.86,1.347,0,0
S00440,2026-09-10 16:33:00,mhaingura,Customer Service,NA,0,0,0,0,1,3,0,0,11,3.776,1.316,9.93,1.88,1.756,0,0
S00352,2026-09-10 16:44:00,sankwasa,Procurement,NA,0,0,0,0,1,1,0,0,12,23.823,11.412,26.03,22.39,1.73,0,0
S00196,2026-09-10 16:58:00,haufiku,Information Technology,NA,0,0,0,0,1,6,2,0,17,3.14,1.583,23.78,18.48,4.267,0,0
S00207,2026-09-10 17:49:00,hamukwaya,Treasury,NA,0,0,0,0,1,3,1,0,11,6.395,0.0,6.88,14.43,0.791,0,0
S00385,2026-09-10 17:55:00,kndjavera,Compliance,NA,0,1,1,0,1,3,1,0,7,5.461,0.251,9.16,34.17,0.508,0,0
S00317,2026-09-10 18:38:00,sihuhua,Customer Service,NA,0,0,0,0,1,4,2,0,21,5.331,2.719,21.75,8.02,0.865,0,0
S00108,2026-09-10 18:57:00,sihuhua,Customer Service,NA,0,1,1,0,1,3,1,0,15,10.425,4.909,12.32,5.37,2.417,0,0
S00209,2026-09-10 20:39:00,tshivute,Finance,NA,0,0,1,1,0,1,0,0,14,3.234,0.0,12.68,11.65,0.207,0,0
S00269,2026-09-10 20:55:00,sihuhua,Customer Service,NA,0,0,1,1,1,1,0,0,7,2.076,0.0,13.89,8.42,0.667,0,0
S00374,2026-09-10 20:55:00,tkamati,Customer Service,NA,0,0,0,0,1,1,0,0,20,9.156,0.375,10.53,13.9,1.21,0,0
S00078,2026-09-10 20:59:00,mukwambi,Human Resources,NA,0,0,0,2,1,4,1,0,16,21.673,0.554,23.75,14.15,1.937,0,0
S00353,2026-09-10 21:41:00,tkamati,Customer Service,NA,1,0,0,1,1,8,1,0,16,27.397,20.05,8.32,12.29,0.849,0,0
S00350,2026-09-10 21:54:00,ntinda,Marketing,ZA,1,0,4,0,1,3,0,0,14,2.825,0.0,0.58,3.01,2.327,0,0
S00430,2026-09-10 22:22:00,sihuhua,Customer Service,NA,0,0,0,0,1,1,0,0,4,6.982,0.374,5.85,2.75,0.255,0,0
S00449,2026-09-10 22:26:00,mhaingura,Customer Service,NA,0,0,0,0,1,2,0,0,18,4.86,1.92,2.6,13.67,9.402,0,0
S00014,2026-09-10 22:29:00,mukwambi,Human Resources,NA,0,1,1,0,1,3,0,0,12,11.466,1.363,5.28,48.2,2.767,0,0
S00143,2026-09-10 22:45:00,katjiuongua,Information Technology,NA,0,0,0,1,1,2,1,0,16,4.646,0.0,13.74,5.08,0.955,0,0
S00245,2026-09-10 23:36:00,mukwambi,Human Resources,NA,0,0,0,0,0,4,2,2,11,62.486,8.276,8.96,40.76,1.745,0,0
S00109,2026-09-11 00:31:00,mhaingura,Customer Service,NA,0,0,0,0,1,4,0,0,12,6.923,0.134,1.7,15.47,3.415,0,0
S00222,2026-09-11 00:36:00,mhaingura,Customer Service,NA,0,0,0,0,1,2,0,0,15,10.716,0.0,3.11,7.59,0.54,0,0
S00280,2026-09-11 01:00:00,tjirera,Internal Audit,NA,0,0,1,0,1,2,1,1,13,3.476,0.245,10.1,16.12,1.861,0,0
S00411,2026-09-11 01:29:00,shapaka,Executive,NA,1,1,0,0,1,1,0,1,13,10.013,0.0,11.16,9.19,3.393,0,0
S00018,2026-09-11 01:39:00,mbandeka,Legal,NA,0,0,0,0,1,2,0,0,11,34.38,0.054,15.34,10.57,2.081,0,0
S00382,2026-09-11 01:44:00,shapaka,Executive,ZA,0,0,1,0,1,4,2,0,16,14.999,4.169,10.3,1.69,0.54,0,0
S00181,2026-09-11 02:38:00,nambala,Loans,NA,0,0,0,0,1,4,0,0,18,11.008,3.167,20.92,6.99,0.849,0,0
S00124,2026-09-11 03:23:00,tkamati,Customer Service,NA,0,0,3,0,1,8,2,0,18,43.438,0.703,16.64,7.84,1.318,0,0
S00032,2026-09-11 03:44:00,jkavari,Finance,NA,0,0,0,0,1,1,0,0,9,6.055,0.0,6.27,11.53,1.585,0,0
S00182,2026-09-11 03:45:00,shapaka,Executive,NA,0,1,0,1,1,4,1,1,15,43.147,1.212,1.39,34.63,1.016,0,0
S00348,2026-09-11 03:49:00,shapaka,Executive,NA,0,1,0,0,1,3,0,0,13,14.03,0.0,27.43,7.8,0.87,0,0
S00362,2026-09-11 03:53:00,sankwasa,Procurement,NA,0,0,1,0,1,3,0,0,23,2.105,0.341,7.15,29.46,1.221,0,0
S00359,2026-09-11 03:58:00,mukwambi,Human Resources,NA,0,0,0,0,1,3,1,0,16,14.763,0.0,3.59,8.79,0.984,0,0
S00366,2026-09-11 05:04:00,sankwasa,Procurement,NA,0,0,0,0,1,4,1,1,18,4.79,6.735,48.83,5.77,0.841,0,0
S00045,2026-09-11 05:06:00,pnakale,Human Resources,NA,0,0,0,0,1,2,0,0,16,10.802,1.338,58.91,25.41,0.805,0,0
S00234,2026-09-11 05:44:00,sankwasa,Procurement,NA,0,0,0,0,0,4,0,0,10,15.591,1.137,31.6,10.81,0.672,0,0
S00230,2026-09-11 06:02:00,pnakale,Human Resources,NA,0,0,0,0,1,1,0,0,13,1.637,0.231,13.08,29.29,0.626,0,0
S00152,2026-09-11 06:03:00,mbandeka,Legal,NA,0,0,0,0,1,3,0,0,8,4.313,1.598,16.76,5.17,0.367,0,0
S00105,2026-09-11 06:21:00,tkamati,Customer Service,NA,0,0,2,0,1,3,0,0,11,5.165,1.071,21.09,20.83,0.603,0,0
S00438,2026-09-11 06:49:00,shapaka,Executive,ZA,1,0,2,0,1,5,0,0,7,3.184,6.52,29.4,5.62,3.295,0,0
S00379,2026-09-11 07:08:00,pnakale,Human Resources,NA,0,0,0,0,1,3,2,0,14,37.041,0.0,1.37,22.2,2.899,0,0
S00393,2026-09-11 07:33:00,shapaka,Executive,NA,0,0,0,1,1,3,0,0,8,4.5,0.716,20.15,4.34,3.189,0,0
S00308,2026-09-11 07:37:00,kndjavera,Compliance,NA,0,0,0,0,1,7,2,1,20,3.112,1.829,12.71,8.03,0.843,0,0
S00183,2026-09-11 08:21:00,nnakale,Customer Service,NA,0,0,1,1,1,1,0,0,8,7.897,1.375,19.52,13.97,1.295,0,0
S00277,2026-09-11 08:26:00,nnakale,Customer Service,ZA,0,0,2,1,1,1,0,0,13,9.437,1.643,12.91,7.6,2.415,0,0
S00096,2026-09-11 08:33:00,ndjaba,Customer Service,NA,0,0,0,0,1,3,0,1,17,24.392,0.0,8.65,15.62,2.843,0,0
S00243,2026-09-11 08:58:00,kndjavera,Compliance,NA,0,0,2,0,1,1,0,2,12,3.526,0.606,15.94,23.93,1.353,0,0
S00295,2026-09-11 09:07:00,shapaka,Executive,NA,1,0,0,0,1,4,1,0,18,7.136,0.63,6.97,4.82,3.139,0,0
S00099,2026-09-11 09:45:00,murorua,Risk,NA,0,0,0,0,1,2,0,1,10,10.256,0.207,27.77,36.21,0.152,0,0
S00057,2026-09-11 09:45:00,katjiuongua,Information Technology,NA,0,0,1,1,1,2,0,0,6,68.367,0.129,27.53,4.76,2.069,0,0
S00007,2026-09-11 10:29:00,sihuhua,Customer Service,NA,0,0,0,0,1,1,0,0,13,5.21,0.212,17.11,1.46,0.534,0,0
S00432,2026-09-11 10:36:00,ntinda,Marketing,NA,0,0,0,0,1,7,1,0,19,19.785,1.332,17.12,13.05,0.572,0,0
S00339,2026-09-11 10:43:00,mbandeka,Legal,NA,0,1,0,0,1,1,0,0,13,2.244,1.012,6.47,25.27,0.488,0,0
S00167,2026-09-11 11:24:00,ndjaba,Customer Service,NA,0,1,0,0,1,1,0,0,11,1.955,3.072,26.52,11.67,2.436,0,0
S00363,2026-09-11 11:25:00,ndjaba,Customer Service,NA,0,0,0,0,0,6,0,0,14,7.618,0.471,33.76,23.34,1.588,0,0
S00387,2026-09-11 11:34:00,nnakale,Customer Service,NA,0,0,1,0,1,1,0,0,13,30.125,0.0,24.5,25.52,1.171,0,0
S00162,2026-09-11 11:39:00,shapaka,Executive,NA,0,0,2,3,1,5,0,0,9,1.487,0.464,28.79,22.86,1.203,0,0
S00303,2026-09-11 11:51:00,ntinda,Marketing,NA,0,0,0,0,1,9,2,0,23,1.957,0.0,11.91,7.46,3.764,0,1
S00118,2026-09-11 12:09:00,nambala,Loans,ZA,1,0,5,1,1,2,0,0,16,1.624,0.0,41.16,41.69,1.268,0,0
S00434,2026-09-11 13:03:00,hamukwaya,Treasury,NA,0,0,1,0,1,4,0,0,18,8.338,2.286,33.52,25.85,2.778,0,0
S00392,2026-09-11 13:05:00,hamukwaya,Treasury,NA,1,0,0,0,1,4,0,1,9,4.607,1.667,24.91,1.74,0.638,0,0
S00022,2026-09-11 13:29:00,mbandeka,Legal,NA,0,0,1,1,1,5,1,0,19,5.788,0.552,15.07,5.36,3.383,0,0
S00137,2026-09-11 14:07:00,haufiku,Information Technology,NA,0,0,1,0,1,5,3,0,28,69.301,0.996,19.49,11.72,0.829,0,0
S00059,2026-09-11 15:00:00,tkamati,Customer Service,NA,1,0,0,0,1,5,0,0,11,27.196,0.0,9.63,1.84,0.506,0,0
S00238,2026-09-11 15:21:00,jkavari,Finance,NA,0,0,1,0,1,3,0,0,15,34.106,3.065,23.82,11.35,1.944,0,0
S00429,2026-09-11 15:42:00,ntinda,Marketing,ZA,1,0,1,1,1,3,0,0,15,33.071,1.282,13.45,12.38,0.039,0,0
S00263,2026-09-11 16:01:00,nghifindaka,Information Technology,NA,0,0,1,0,1,2,0,0,12,15.505,1.446,9.56,18.0,1.756,0,0
S00349,2026-09-11 16:09:00,nnakale,Customer Service,NA,0,1,0,0,1,2,0,0,15,11.683,1.31,19.19,5.65,2.351,0,0
S00249,2026-09-11 16:17:00,nnakale,Customer Service,NA,1,0,0,0,1,2,0,0,6,24.763,0.814,32.41,3.83,2.226,0,0
S00119,2026-09-11 16:29:00,nnakale,Customer Service,NA,0,0,0,0,1,1,0,0,16,18.498,2.49,22.06,25.15,0.303,0,0
S00086,2026-09-11 16:58:00,katjiuongua,Information Technology,BW,1,0,0,0,1,2,1,1,18,26.376,4.219,6.09,11.03,0.536,0,0
CASE-PHISH-01,2026-09-11 17:02:00,mhaingura,Customer Service,NA,0,0,0,0,1,2,0,0,3,0.09,0.01,92.0,86.0,5.7,0,0
S00247,2026-09-11 17:16:00,murorua,Risk,NA,0,0,1,0,0,3,0,0,11,3.99,0.492,13.3,17.45,0.476,0,0
S00405,2026-09-11 17:38:00,haufiku,Information Technology,NA,0,0,0,2,1,6,1,1,8,10.903,0.0,33.58,2.32,4.005,0,0
S00158,2026-09-11 17:50:00,tkamati,Customer Service,NA,0,1,1,0,1,5,0,0,9,22.529,0.0,20.05,6.35,0.497,0,0
CASE-VPN-01,2026-09-11 18:18:00,mhaingura,Customer Service,ZA,1,1,4,3,1,3,1,2,4,1.4,0.2,61.0,58.0,7.9,1,1
CASE-KYC-01,2026-09-11 18:33:00,mhaingura,Customer Service,ZA,1,1,4,3,1,12,7,2,64,642.2,0.8,79.0,63.0,9.4,1,1
S00194,2026-09-11 18:56:00,shapaka,Executive,NA,0,0,0,0,1,2,0,0,10,13.788,0.0,23.36,1.87,5.047,0,0
S00435,2026-09-11 19:55:00,sihuhua,Customer Service,BW,0,0,1,0,1,3,0,0,13,2.096,0.244,12.32,3.44,3.319,1,0
S00311,2026-09-11 20:08:00,nghifindaka,Information Technology,NA,0,0,1,0,1,1,0,0,9,22.952,0.0,8.89,18.98,0.64,0,0
S00425,2026-09-11 20:12:00,mbandeka,Legal,NA,0,0,0,0,1,2,1,0,20,3.31,0.0,22.61,2.27,0.428,0,0
S00071,2026-09-11 21:06:00,tshivute,Finance,NA,0,0,0,0,1,6,0,0,12,18.694,0.0,14.3,5.0,3.519,0,0
S00450,2026-09-11 22:16:00,haufiku,Information Technology,NA,0,0,0,0,1,4,0,0,15,5.979,0.806,38.37,10.86,0.768,0,0
S00144,2026-09-11 22:17:00,shilongo,Loans,NA,0,0,0,0,1,5,1,1,16,2.216,3.113,11.8,7.16,2.337,0,1
S00107,2026-09-11 22:33:00,tshivute,Finance,NA,0,0,0,0,1,3,0,0,13,5.009,2.177,28.46,27.5,1.105,0,0
S00316,2026-09-11 23:16:00,haufiku,Information Technology,NA,0,0,0,0,1,2,1,0,16,6.671,2.579,33.82,15.31,4.324,0,0
CASE-EXFIL-01,2026-09-12 00:35:00,mhaingura,Customer Service,ZA,1,1,0,0,1,4,4,0,25,815.6,284.3,96.0,98.0,10.0,1,1
CASE-EXFIL-02,2026-09-12 00:43:00,mhaingura,Customer Service,ZA,1,1,0,0,1,2,2,0,2,4.2,972.1,95.0,99.0,10.0,1,1
S00287,2026-09-12 00:45:00,sihuhua,Customer Service,NA,0,0,1,0,1,3,0,0,6,6.577,0.0,22.23,6.92,6.873,0,0
S00386,2026-09-12 00:46:00,shapaka,Executive,NA,0,0,1,0,1,4,0,0,14,7.93,1.106,24.48,4.75,5.618,0,0
S00049,2026-09-12 00:51:00,murorua,Risk,NA,0,1,0,1,1,2,1,0,15,31.82,0.0,25.37,12.46,2.568,0,1
S00447,2026-09-12 01:08:00,nghifindaka,Information Technology,NA,0,0,0,0,1,2,0,0,14,2.041,0.0,10.59,22.29,2.345,0,0
S00015,2026-09-12 01:12:00,haufiku,Information Technology,NA,0,0,0,0,0,7,1,2,17,12.608,3.029,20.6,31.14,5.488,0,0
S00239,2026-09-12 01:17:00,katjiuongua,Information Technology,NA,0,0,0,0,0,4,0,0,13,2.873,0.88,32.48,52.04,1.454,0,0
S00310,2026-09-12 01:31:00,pnakale,Human Resources,NA,0,0,0,0,1,3,0,0,9,12.963,2.746,3.61,13.45,0.835,0,0
S00342,2026-09-12 01:45:00,haufiku,Information Technology,NA,0,0,1,0,0,3,0,0,18,8.195,0.573,0.57,13.44,2.35,0,0
S00275,2026-09-12 02:09:00,nnakale,Customer Service,NA,0,0,0,0,0,5,1,1,19,24.932,0.0,18.67,21.15,0.68,0,0
S00267,2026-09-12 02:29:00,nduminga,Customer Service,NA,0,0,0,1,1,1,0,0,13,2.091,0.377,8.31,11.75,1.352,0,0
S00266,2026-09-12 02:38:00,shilongo,Loans,NA,0,0,0,0,1,6,0,0,12,12.517,0.0,24.19,11.04,1.845,0,0
S00347,2026-09-12 02:54:00,haufiku,Information Technology,NA,0,0,0,0,1,3,0,0,18,4.7,0.0,7.05,29.79,0.903,0,0
S00343,2026-09-12 03:17:00,sankwasa,Procurement,NA,0,0,1,1,1,3,1,0,15,32.469,1.974,4.47,6.76,0.771,0,0
S00262,2026-09-12 04:56:00,ndjaba,Customer Service,NA,0,1,0,0,1,3,0,0,13,3.414,0.317,1.18,33.21,5.077,0,0
S00384,2026-09-12 05:20:00,jkavari,Finance,NA,0,1,0,0,1,2,1,2,8,19.078,0.0,21.77,8.49,1.827,0,0
S00279,2026-09-12 05:48:00,tshivute,Finance,NA,0,0,1,0,1,2,1,0,13,3.158,0.506,27.56,11.57,1.283,0,0
S00029,2026-09-12 05:55:00,shapaka,Executive,NA,0,0,0,0,1,2,0,0,11,8.37,0.801,1.82,26.1,0.854,0,0
S00214,2026-09-12 06:01:00,jkavari,Finance,NA,0,0,1,0,1,3,0,1,10,5.304,2.734,13.07,8.12,0.368,0,0
S00170,2026-09-12 06:25:00,ndjaba,Customer Service,NA,0,0,0,0,1,2,1,0,9,7.463,2.955,32.28,19.26,1.348,0,0
S00419,2026-09-12 08:31:00,nambala,Loans,NA,0,0,0,0,1,1,0,0,14,4.046,0.672,8.71,4.37,2.529,0,0
S00375,2026-09-12 09:03:00,pnakale,Human Resources,NA,0,0,0,0,1,3,0,0,16,6.621,0.614,19.63,8.71,0.107,0,0
S00236,2026-09-12 09:16:00,nnakale,Customer Service,NA,0,0,0,0,1,1,0,0,17,2.923,1.761,9.2,18.75,0.522,0,0
S00251,2026-09-12 09:32:00,ntinda,Marketing,NA,0,0,0,0,0,1,0,0,15,4.008,1.208,5.74,11.04,0.356,0,0
S00334,2026-09-12 10:19:00,murorua,Risk,NA,0,0,0,0,1,1,0,0,11,7.306,0.117,2.91,14.78,0.816,0,0
S00103,2026-09-12 10:36:00,shapaka,Executive,NA,0,0,0,0,1,4,0,0,19,3.965,0.0,37.67,4.7,0.335,0,0
S00033,2026-09-12 10:42:00,murorua,Risk,NA,0,0,0,0,1,2,0,0,7,4.257,0.546,19.72,31.9,1.365,0,0
S00104,2026-09-12 11:07:00,sankwasa,Procurement,NA,0,1,0,0,1,3,1,0,16,17.829,0.0,32.32,14.88,1.281,0,0
S00187,2026-09-12 11:28:00,hamukwaya,Treasury,NA,0,0,0,0,1,1,0,0,12,17.233,0.923,14.51,5.47,0.544,0,0
S00195,2026-09-12 11:39:00,mhaingura,Customer Service,ZA,0,0,2,1,1,4,0,0,12,5.565,1.285,33.19,35.87,4.791,0,0
S00111,2026-09-12 11:59:00,sihuhua,Customer Service,NA,0,1,0,0,1,4,1,0,19,5.822,0.0,35.21,8.43,0.763,0,1
S00401,2026-09-12 12:08:00,kndjavera,Compliance,NA,0,0,1,0,1,3,0,0,11,3.565,0.819,8.08,4.07,4.228,0,0
S00135,2026-09-12 12:13:00,kndjavera,Compliance,NA,0,0,0,0,1,2,0,0,15,25.509,0.157,16.05,16.54,0.717,0,0
S00409,2026-09-12 12:21:00,nambala,Loans,NA,0,0,1,0,1,3,1,0,12,11.992,0.247,5.77,10.98,0.534,0,1
S00300,2026-09-12 13:16:00,ntinda,Marketing,NA,1,0,1,2,0,1,0,0,11,5.233,0.0,13.33,17.92,6.602,0,0
S00224,2026-09-12 13:23:00,mukwambi,Human Resources,NA,0,0,1,0,1,1,0,0,11,15.794,0.0,8.4,27.38,2.305,0,0
S00383,2026-09-12 13:26:00,sihuhua,Customer Service,NA,1,0,1,1,1,5,1,1,16,2.638,0.0,16.5,3.83,1.192,0,0
S00414,2026-09-12 13:42:00,nambala,Loans,ZA,1,1,2,1,1,4,0,0,10,12.783,2.368,12.66,13.6,2.235,0,0
S00225,2026-09-12 13:46:00,sihuhua,Customer Service,NA,0,0,0,0,1,2,0,0,13,6.574,0.406,3.87,45.65,0.24,0,0
S00284,2026-09-12 13:53:00,mbandeka,Legal,NA,0,0,0,0,1,2,0,0,16,13.063,1.18,16.69,6.75,0.994,0,0
S00030,2026-09-12 14:44:00,sankwasa,Procurement,NA,0,0,0,0,1,1,0,0,12,3.814,2.17,20.63,26.22,1.183,0,0
S00426,2026-09-12 16:03:00,nghifindaka,Information Technology,NA,0,0,0,0,1,2,0,0,16,16.054,1.323,6.6,4.15,4.472,0,0
S00335,2026-09-12 16:38:00,sankwasa,Procurement,NA,0,0,0,0,1,3,1,2,17,5.78,1.111,2.03,7.7,1.841,0,0
S00320,2026-09-12 16:56:00,pnakale,Human Resources,NA,0,0,0,0,1,3,0,0,16,8.267,0.329,29.33,45.6,2.875,0,0
S00314,2026-09-12 17:46:00,sankwasa,Procurement,NA,0,0,1,0,1,4,0,1,16,4.945,0.0,25.95,29.71,0.849,0,0
S00017,2026-09-12 17:46:00,mukwambi,Human Resources,NA,0,0,2,1,1,4,0,0,10,1.927,2.268,23.73,6.17,3.358,0,0
S00370,2026-09-12 19:05:00,murorua,Risk,NA,0,0,0,1,1,5,1,1,13,12.945,0.0,16.66,1.79,1.244,0,1
S00228,2026-09-12 19:23:00,amupanda,Compliance,NA,0,0,0,0,1,2,0,0,21,13.666,0.186,27.54,14.17,3.282,0,0
S00051,2026-09-12 19:29:00,haufiku,Information Technology,NA,0,0,0,0,1,2,1,0,19,5.245,0.0,17.14,8.2,0.763,0,0
S00035,2026-09-12 19:53:00,tkamati,Customer Service,NA,0,0,0,0,1,2,0,0,26,11.748,0.0,17.07,8.21,1.313,0,0
S00134,2026-09-12 20:54:00,jkavari,Finance,NA,0,1,1,0,1,5,1,0,11,5.485,0.074,17.64,7.6,1.139,0,0
S00217,2026-09-12 21:06:00,nduminga,Customer Service,NA,0,0,0,0,1,3,0,0,8,13.892,0.522,1.52,17.96,1.404,0,0
S00208,2026-09-12 21:25:00,ntinda,Marketing,NA,0,0,0,0,1,7,0,0,17,2.418,8.158,45.26,17.62,0.354,0,0
S00094,2026-09-12 22:24:00,nduminga,Customer Service,NA,0,0,1,0,1,1,0,0,8,8.111,5.226,1.41,10.01,0.908,0,0
S00069,2026-09-12 22:46:00,nduminga,Customer Service,NA,0,0,0,1,1,3,0,0,10,19.789,0.0,38.03,16.78,0.699,0,0
S00427,2026-09-12 23:21:00,sihuhua,Customer Service,BW,0,0,4,0,1,5,0,0,17,9.783,2.354,45.94,39.68,7.637,0,0
S00433,2026-09-13 00:03:00,mhaingura,Customer Service,BW,1,0,1,1,1,2,0,0,16,2.942,0.0,22.97,23.13,1.853,0,0
S00293,2026-09-13 00:07:00,mbandeka,Legal,NA,0,0,0,0,0,4,2,0,23,19.92,0.211,17.06,2.3,1.374,0,0
S00076,2026-09-13 00:30:00,tjirera,Internal Audit,NA,0,0,0,1,1,4,0,0,8,9.836,1.55,0.79,15.57,0.592,0,0
S00285,2026-09-13 00:44:00,tshivute,Finance,NA,0,0,3,0,1,4,1,0,16,14.51,0.0,31.1,18.29,2.382,0,0
S00206,2026-09-13 01:27:00,ndjaba,Customer Service,NA,0,0,0,0,1,3,0,0,9,14.002,0.0,20.43,16.44,0.323,0,0
S00328,2026-09-13 01:53:00,tshivute,Finance,ZA,0,0,2,0,1,1,0,0,12,12.84,2.117,8.69,13.15,1.584,0,0
S00268,2026-09-13 02:31:00,shapaka,Executive,NA,0,0,1,1,1,1,0,0,13,10.345,2.399,14.06,7.19,0.353,0,0
S00023,2026-09-13 02:32:00,tshivute,Finance,NA,0,1,0,1,1,3,0,0,11,4.724,0.0,3.24,8.05,0.999,0,0
S00006,2026-09-13 03:00:00,jkavari,Finance,NA,0,0,0,0,1,1,0,1,9,7.781,0.0,0.73,31.57,3.13,0,0
S00325,2026-09-13 03:01:00,tshivute,Finance,NA,0,0,0,0,1,5,1,0,9,9.827,0.266,11.03,22.12,0.724,0,0
S00009,2026-09-13 04:14:00,shilongo,Loans,NA,0,0,0,0,1,2,0,0,6,13.139,0.421,12.12,2.23,0.459,0,0
S00034,2026-09-13 05:48:00,mhaingura,Customer Service,NA,0,0,0,0,1,2,0,0,9,4.048,0.0,21.04,4.76,3.259,0,0
S00166,2026-09-13 05:57:00,mhaingura,Customer Service,NA,0,0,0,0,1,3,0,0,12,14.633,0.828,15.14,32.38,0.524,0,0
S00127,2026-09-13 06:31:00,shilongo,Loans,NA,0,0,0,0,1,4,1,0,13,30.517,1.085,23.1,10.44,0.673,0,0
S00024,2026-09-13 06:47:00,ndjaba,Customer Service,NA,1,0,1,0,1,1,0,0,21,10.301,2.874,3.51,26.28,0.351,0,0
S00062,2026-09-13 07:44:00,sihuhua,Customer Service,ZA,1,0,0,0,1,2,0,0,13,23.002,4.523,1.14,7.1,2.092,0,0
S00377,2026-09-13 08:23:00,kndjavera,Compliance,NA,0,0,1,0,1,6,1,0,10,8.338,0.07,0.7,52.45,3.369,0,0
S00378,2026-09-13 08:28:00,nnakale,Customer Service,NA,0,0,0,0,1,2,0,0,8,10.083,0.0,38.53,22.47,0.292,0,0
S00327,2026-09-13 08:46:00,tjirera,Internal Audit,NA,0,0,0,1,1,4,1,1,25,4.633,1.327,22.05,21.18,3.188,0,0
S00128,2026-09-13 08:59:00,kndjavera,Compliance,BW,0,0,2,1,1,6,1,2,18,9.719,1.871,4.5,29.82,2.233,0,0
S00369,2026-09-13 09:04:00,murorua,Risk,NA,0,0,1,1,1,4,0,0,11,2.252,0.092,5.23,8.83,1.352,0,0
S00319,2026-09-13 09:22:00,murorua,Risk,NA,0,0,1,0,1,4,0,0,15,2.297,0.0,5.87,35.85,2.271,0,0
S00215,2026-09-13 09:23:00,haufiku,Information Technology,NA,0,0,0,0,1,4,0,0,11,15.983,1.085,7.18,6.02,2.136,0,0
S00331,2026-09-13 09:52:00,jkavari,Finance,NA,0,0,0,1,1,3,1,0,7,3.181,3.941,5.36,9.16,2.712,0,0
S00260,2026-09-13 09:59:00,sankwasa,Procurement,NA,0,0,0,0,1,4,1,0,19,11.252,2.375,11.88,1.66,2.016,0,0
S00407,2026-09-13 10:01:00,haufiku,Information Technology,NA,0,0,0,0,1,4,0,0,6,4.64,0.48,25.85,6.14,1.426,0,0
S00113,2026-09-13 10:18:00,jkavari,Finance,NA,0,0,0,0,1,7,1,1,19,5.158,1.18,26.88,28.43,1.563,0,0
S00282,2026-09-13 11:41:00,ntinda,Marketing,NA,0,0,0,0,1,4,0,0,13,2.431,3.207,6.51,32.62,3.028,0,0
S00130,2026-09-13 11:51:00,ndjaba,Customer Service,NA,0,1,0,0,1,2,0,0,12,4.344,2.143,12.12,4.07,1.443,0,0
S00097,2026-09-13 12:02:00,sankwasa,Procurement,NA,0,0,0,0,0,3,0,0,15,4.328,0.0,22.55,15.01,0.096,0,0
S00204,2026-09-13 12:10:00,haufiku,Information Technology,NA,0,0,1,0,1,5,1,1,17,4.692,5.853,11.21,32.29,2.519,0,0
S00439,2026-09-13 12:15:00,nambala,Loans,NA,0,0,0,0,1,5,0,0,14,30.041,0.0,0.37,3.36,0.779,0,0
S00231,2026-09-13 12:50:00,mukwambi,Human Resources,NA,0,0,2,2,1,5,1,0,15,10.104,0.695,14.13,2.32,0.687,0,0
S00090,2026-09-13 13:05:00,nnakale,Customer Service,NA,0,0,0,1,1,2,0,0,13,1.178,0.234,5.29,24.82,3.912,0,0
S00110,2026-09-13 13:13:00,katjiuongua,Information Technology,NA,0,1,1,1,1,2,2,0,14,12.726,0.0,17.78,11.45,2.496,0,0
S00011,2026-09-13 13:57:00,katjiuongua,Information Technology,NA,0,0,0,1,1,1,0,0,16,15.834,0.306,45.87,37.3,3.354,0,0
S00264,2026-09-13 14:09:00,mhaingura,Customer Service,NA,0,0,0,0,1,3,0,0,18,8.337,2.956,6.15,16.49,2.415,0,0
S00356,2026-09-13 14:28:00,sankwasa,Procurement,NA,0,1,1,0,0,2,0,0,13,5.368,0.048,22.81,1.69,1.114,0,0
S00357,2026-09-13 14:40:00,sihuhua,Customer Service,NA,0,0,0,0,0,6,2,1,20,35.306,0.037,20.19,8.18,1.915,0,0
S00254,2026-09-13 14:45:00,shilongo,Loans,NA,0,0,0,0,1,4,0,0,11,2.658,1.935,16.72,2.77,2.293,0,0
S00202,2026-09-13 14:47:00,pnakale,Human Resources,NA,0,0,1,0,0,5,1,0,17,3.032,0.682,18.44,8.85,1.332,0,0
S00191,2026-09-13 15:13:00,mbandeka,Legal,NA,0,0,0,2,1,6,2,1,17,6.471,0.0,30.52,9.24,2.339,0,0
S00080,2026-09-13 15:16:00,jkavari,Finance,NA,0,0,0,0,1,2,0,0,14,13.403,0.5,19.81,9.63,1.191,0,0
S00437,2026-09-13 15:45:00,katjiuongua,Information Technology,NA,0,0,2,1,1,3,0,0,14,4.45,0.0,12.38,18.71,0.208,0,0
S00318,2026-09-13 15:55:00,shilongo,Loans,NA,0,0,0,0,1,4,1,1,13,3.184,0.0,25.75,13.79,1.246,0,0
S00354,2026-09-13 15:59:00,ndjaba,Customer Service,NA,0,1,0,1,1,4,0,0,15,7.515,0.414,7.12,7.61,1.219,0,0
S00044,2026-09-13 16:43:00,shilongo,Loans,NA,0,0,1,0,1,2,0,0,14,7.057,1.573,25.17,13.07,3.552,0,0
S00115,2026-09-13 16:49:00,murorua,Risk,NA,0,0,0,0,1,1,0,0,12,37.763,4.95,36.15,27.16,0.687,0,0
S00092,2026-09-13 17:28:00,murorua,Risk,NA,0,0,0,0,1,3,0,0,9,1.771,0.0,14.69,1.08,0.56,0,0
S00072,2026-09-13 17:40:00,ntinda,Marketing,BW,0,0,1,3,1,5,1,1,19,15.293,2.557,7.33,6.66,4.202,1,1
S00256,2026-09-13 17:59:00,shilongo,Loans,NA,0,0,0,0,1,4,0,0,10,5.743,0.562,19.03,2.48,4.228,0,0
S00252,2026-09-13 18:29:00,jkavari,Finance,NA,0,0,0,1,1,3,0,0,8,4.09,0.115,28.17,18.35,0.796,0,0
S00010,2026-09-13 18:50:00,tjirera,Internal Audit,NA,0,1,0,0,1,4,0,1,16,9.247,0.0,7.31,9.07,0.16,0,0
S00288,2026-09-13 19:36:00,murorua,Risk,BW,1,0,0,0,1,2,1,1,8,23.096,1.232,10.71,6.4,0.77,0,1
S00322,2026-09-13 20:14:00,mukwambi,Human Resources,NA,0,0,1,0,1,2,0,1,13,10.64,0.0,7.47,24.16,1.933,0,0
S00147,2026-09-13 20:36:00,nambala,Loans,NA,0,0,1,1,1,5,0,0,12,2.123,0.066,20.09,43.81,1.963,0,0
S00445,2026-09-13 21:21:00,shilongo,Loans,NA,0,0,1,0,1,3,0,0,8,0.558,0.0,33.04,23.3,0.795,0,0
S00146,2026-09-13 21:34:00,ndjaba,Customer Service,NA,0,0,0,0,1,2,0,0,8,8.476,0.0,21.55,6.66,2.247,0,0
S00171,2026-09-13 21:35:00,nnakale,Customer Service,NA,0,0,1,0,1,3,0,0,14,12.88,0.194,27.76,12.55,1.801,0,0
S00184,2026-09-13 21:44:00,shapaka,Executive,NA,0,0,0,0,1,4,1,1,14,23.237,0.254,46.59,19.45,0.421,0,0
S00232,2026-09-13 21:58:00,nambala,Loans,NA,0,0,0,0,1,4,2,0,11,6.138,0.041,19.66,28.48,5.01,0,1
S00315,2026-09-13 22:27:00,nghifindaka,Information Technology,ZA,0,0,0,0,1,8,2,1,19,7.616,1.957,10.93,5.37,1.696,0,0
S00390,2026-09-13 22:41:00,nnakale,Customer Service,NA,0,0,0,0,1,3,0,0,9,4.341,2.007,28.03,10.37,1.067,0,0
S00341,2026-09-13 22:49:00,mhaingura,Customer Service,NA,0,0,1,1,1,3,0,0,11,14.269,1.016,19.6,5.73,0.372,0,0
S00064,2026-09-13 23:00:00,mukwambi,Human Resources,NA,0,0,0,0,1,1,0,0,8,4.857,0.0,8.23,5.08,1.367,0,0
S00036,2026-09-13 23:01:00,mukwambi,Human Resources,NA,0,0,1,0,1,1,0,1,12,9.326,14.39,43.41,4.93,0.853,0,0
S00079,2026-09-13 23:17:00,mbandeka,Legal,NA,0,0,0,0,1,4,1,0,18,9.134,0.0,3.48,22.06,0.506,0,0
S00098,2026-09-14 00:14:00,shilongo,Loans,NA,0,0,1,1,1,5,0,0,15,9.122,0.0,6.39,9.73,1.0,0,0
S00139,2026-09-14 00:41:00,kndjavera,Compliance,NA,0,0,0,0,1,1,0,0,19,8.188,0.064,12.21,31.72,7.33,0,0
S00403,2026-09-14 01:27:00,haufiku,Information Technology,ZA,1,0,0,0,1,2,0,0,11,8.899,0.078,2.34,14.66,1.594,0,0
S00116,2026-09-14 01:42:00,tshivute,Finance,NA,0,1,1,2,1,4,0,0,10,7.21,2.374,9.5,4.8,0.424,0,0
S00364,2026-09-14 01:47:00,tshivute,Finance,NA,0,1,0,0,1,6,0,1,12,10.003,0.874,34.28,11.97,1.627,0,0
S00210,2026-09-14 01:50:00,sihuhua,Customer Service,NA,0,0,1,0,1,4,0,0,17,15.529,4.01,40.1,5.47,3.19,0,0
S00190,2026-09-14 02:03:00,tjirera,Internal Audit,NA,0,0,0,1,1,3,1,1,10,1.998,0.196,46.14,31.02,1.439,0,0
S00132,2026-09-14 02:35:00,haufiku,Information Technology,NA,0,1,0,0,1,4,1,0,13,3.377,3.398,22.81,15.73,1.371,0,0
S00039,2026-09-14 02:49:00,nghifindaka,Information Technology,NA,0,0,1,0,1,3,1,1,17,5.187,0.0,19.66,18.89,1.076,0,0
S00373,2026-09-14 03:01:00,shapaka,Executive,NA,0,0,1,0,1,1,0,0,20,6.726,0.0,6.03,1.96,1.173,0,0
S00345,2026-09-14 03:25:00,sihuhua,Customer Service,NA,0,0,0,0,1,6,0,0,15,6.206,0.994,30.17,6.09,0.96,0,0
S00292,2026-09-14 03:30:00,hamukwaya,Treasury,NA,0,1,0,0,1,1,0,0,13,20.384,0.946,23.9,6.64,3.166,0,0
S00131,2026-09-14 04:14:00,hamukwaya,Treasury,NA,0,0,0,0,1,1,0,0,7,3.162,0.0,25.08,20.37,4.016,0,0
S00161,2026-09-14 04:19:00,nghifindaka,Information Technology,NA,0,0,0,0,1,5,3,1,28,4.043,4.274,24.55,16.19,0.372,0,0
S00446,2026-09-14 04:21:00,tshivute,Finance,NA,0,0,1,1,1,1,0,0,11,22.642,0.407,38.21,22.81,0.162,0,0
S00416,2026-09-14 05:36:00,nduminga,Customer Service,NA,0,0,0,0,1,1,0,0,11,20.854,0.0,19.33,16.62,1.184,0,0
S00063,2026-09-14 06:03:00,hamukwaya,Treasury,NA,0,1,1,1,1,2,0,0,8,2.768,0.0,40.92,6.79,2.464,0,0
